degree,norm_degree,clustering,curr_prob,deficit,min_neighbor_p,avg_neighbor_p,dist_to_seeds,low_p_neighbors,degree_centrality,local_density,shell_reach,local_homophily,group_deficit,delta_var,graph,alpha,step,node_id
1.0,0.030668294171498325,0.0,0.0,0.7053333333333334,0.26,0.26,4.0,1.0,0.00099601593625498,0.0,985.0,1.0,3.3306690738754696e-16,0.0011644749387391545,EU,0.1,0,916
2.0,0.06133658834299665,1.0,0.0,0.7053333333333334,0.0,0.04,4.0,2.0,0.00199203187250996,1.0,984.0,1.0,3.3306690738754696e-16,0.00017732709586396056,EU,0.1,0,846
1.0,0.030668294171498325,0.0,0.0,0.7053333333333334,0.0,0.0,1005.0,1.0,0.00099601593625498,0.0,0.0,1.0,3.3306690738754696e-16,-0.0023536383752877227,EU,0.1,0,808
1.0,0.030668294171498325,0.0,0.0,0.7053333333333334,0.0,0.0,1005.0,1.0,0.00099601593625498,0.0,0.0,1.0,3.3306690738754696e-16,0.0012384960768297842,EU,0.1,0,798
1.0,0.030668294171498325,0.0,0.0,0.7053333333333334,0.0,0.0,1005.0,1.0,0.00099601593625498,0.0,0.0,1.0,3.3306690738754696e-16,0.0002829419073785422,EU,0.1,0,772
1.0,0.030668294171498325,0.0,0.0,0.7053333333333334,0.0,0.0,1005.0,1.0,0.00099601593625498,0.0,0.0,1.0,3.3306690738754696e-16,0.0006903916239697078,EU,0.1,0,746
1.0,0.030668294171498325,0.0,0.0,0.7053333333333334,0.0,0.0,1005.0,1.0,0.00099601593625498,0.0,0.0,1.0,3.3306690738754696e-16,-0.0015325735501596494,EU,0.1,0,744
1.0,0.030668294171498325,0.0,0.0,0.7053333333333334,0.0,0.0,1005.0,1.0,0.00099601593625498,0.0,0.0,1.0,3.3306690738754696e-16,1.569466102324668e-05,EU,0.1,0,732
1.0,0.030668294171498325,0.0,0.0,0.7053333333333334,0.0,0.0,1005.0,1.0,0.00099601593625498,0.0,0.0,1.0,3.3306690738754696e-16,0.00044687448330486823,EU,0.1,0,731
1.0,0.030668294171498325,0.0,0.0,0.7053333333333334,0.0,0.0,1005.0,1.0,0.00099601593625498,0.0,0.0,1.0,3.3306690738754696e-16,0.0010971371995742857,EU,0.1,0,711
1.0,0.030668294171498325,0.0,0.0,0.7055124378109452,1.0,1.0,2.0,0.0,0.00099601593625498,0.0,985.0,1.0,5.551115123125783e-16,0.0015073908071582265,EU,0.1,1,960
1.0,0.030668294171498325,0.0,0.0,0.7055124378109452,0.16,0.16,4.0,1.0,0.00099601593625498,0.0,985.0,1.0,5.551115123125783e-16,0.0015351192297220206,EU,0.1,1,916
2.0,0.06133658834299665,1.0,0.0,0.7055124378109452,0.0,0.08,4.0,2.0,0.00199203187250996,1.0,984.0,1.0,5.551115123125783e-16,-4.3222692507602356e-05,EU,0.1,1,846
1.0,0.030668294171498325,0.0,0.0,0.7055124378109452,0.0,0.0,1005.0,1.0,0.00099601593625498,0.0,0.0,1.0,5.551115123125783e-16,0.0012295260018316267,EU,0.1,1,808
1.0,0.030668294171498325,0.0,0.0,0.7055124378109452,0.0,0.0,1005.0,1.0,0.00099601593625498,0.0,0.0,1.0,5.551115123125783e-16,0.00201483329620554,EU,0.1,1,772
1.0,0.030668294171498325,0.0,0.0,0.7055124378109452,0.0,0.0,1005.0,1.0,0.00099601593625498,0.0,0.0,1.0,5.551115123125783e-16,-0.00048447434469445216,EU,0.1,1,746
1.0,0.030668294171498325,0.0,0.0,0.7055124378109452,0.0,0.0,1005.0,1.0,0.00099601593625498,0.0,0.0,1.0,5.551115123125783e-16,0.0012006720625726969,EU,0.1,1,744
1.0,0.030668294171498325,0.0,0.0,0.7055124378109452,0.0,0.0,1005.0,1.0,0.00099601593625498,0.0,0.0,1.0,5.551115123125783e-16,0.00031735135268927406,EU,0.1,1,732
1.0,0.030668294171498325,0.0,0.0,0.7055124378109452,0.0,0.0,1005.0,1.0,0.00099601593625498,0.0,0.0,1.0,5.551115123125783e-16,0.0016306012227420008,EU,0.1,1,731
1.0,0.030668294171498325,0.0,0.0,0.7055124378109452,0.0,0.0,1005.0,1.0,0.00099601593625498,0.0,0.0,1.0,5.551115123125783e-16,0.0006465542932105606,EU,0.1,1,711
1.0,0.030668294171498325,0.0,0.0,0.704139303482587,0.26,0.26,4.0,1.0,0.00099601593625498,0.0,985.0,1.0,7.771561172376096e-16,0.0015625205316699975,EU,0.1,2,916
2.0,0.06133658834299665,1.0,0.0,0.704139303482587,0.0,0.06,4.0,2.0,0.00199203187250996,1.0,984.0,1.0,7.771561172376096e-16,0.0011418632212073787,EU,0.1,2,846
1.0,0.030668294171498325,0.0,0.0,0.704139303482587,0.0,0.0,1005.0,1.0,0.00099601593625498,0.0,0.0,1.0,7.771561172376096e-16,0.00079966575084775,EU,0.1,2,808
1.0,0.030668294171498325,0.0,0.0,0.704139303482587,0.0,0.0,1005.0,1.0,0.00099601593625498,0.0,0.0,1.0,7.771561172376096e-16,0.001264173065023133,EU,0.1,2,746
1.0,0.030668294171498325,0.0,0.0,0.704139303482587,0.0,0.0,1005.0,1.0,0.00099601593625498,0.0,0.0,1.0,7.771561172376096e-16,0.001430909531942276,EU,0.1,2,744
1.0,0.030668294171498325,0.0,0.0,0.704139303482587,0.0,0.0,1005.0,1.0,0.00099601593625498,0.0,0.0,1.0,7.771561172376096e-16,-0.0005039796044652434,EU,0.1,2,732
1.0,0.030668294171498325,0.0,0.0,0.704139303482587,0.0,0.0,1005.0,1.0,0.00099601593625498,0.0,0.0,1.0,7.771561172376096e-16,0.000485354322912801,EU,0.1,2,731
1.0,0.030668294171498325,0.0,0.0,0.704139303482587,0.0,0.0,1005.0,1.0,0.00099601593625498,0.0,0.0,1.0,7.771561172376096e-16,5.4288557213927335e-05,EU,0.1,2,711
1.0,0.030668294171498325,0.0,0.0,0.704139303482587,0.0,0.0,1005.0,1.0,0.00099601593625498,0.0,0.0,1.0,7.771561172376096e-16,0.0018685937476795034,EU,0.1,2,703
1.0,0.030668294171498325,0.0,0.0,0.704139303482587,0.0,0.0,1005.0,1.0,0.00099601593625498,0.0,0.0,1.0,7.771561172376096e-16,0.0006043264275636673,EU,0.1,2,691
2.0,0.06133658834299665,1.0,0.0,0.7081592039800996,0.0,0.06,4.0,2.0,0.00199203187250996,1.0,984.0,1.0,-1.1102230246251565e-15,-0.0012098338159946542,EU,0.1,3,846
1.0,0.030668294171498325,0.0,0.0,0.7081592039800996,0.0,0.0,1005.0,1.0,0.00099601593625498,0.0,0.0,1.0,-1.1102230246251565e-15,-0.0010286398851513667,EU,0.1,3,808
1.0,0.030668294171498325,0.0,0.0,0.7081592039800996,0.0,0.0,1005.0,1.0,0.00099601593625498,0.0,0.0,1.0,-1.1102230246251565e-15,0.0005348525036509011,EU,0.1,3,746
1.0,0.030668294171498325,0.0,0.0,0.7081592039800996,0.0,0.0,1005.0,1.0,0.00099601593625498,0.0,0.0,1.0,-1.1102230246251565e-15,0.0018127654265983478,EU,0.1,3,744
1.0,0.030668294171498325,0.0,0.0,0.7081592039800996,0.0,0.0,1005.0,1.0,0.00099601593625498,0.0,0.0,1.0,-1.1102230246251565e-15,-0.001407995247642374,EU,0.1,3,732
1.0,0.030668294171498325,0.0,0.0,0.7081592039800996,0.0,0.0,1005.0,1.0,0.00099601593625498,0.0,0.0,1.0,-1.1102230246251565e-15,-0.0006258062919234642,EU,0.1,3,731
1.0,0.030668294171498325,0.0,0.0,0.7081592039800996,0.0,0.0,1005.0,1.0,0.00099601593625498,0.0,0.0,1.0,-1.1102230246251565e-15,0.0015067215167941378,EU,0.1,3,711
1.0,0.030668294171498325,0.0,0.0,0.7081592039800996,0.0,0.0,1005.0,1.0,0.00099601593625498,0.0,0.0,1.0,-1.1102230246251565e-15,0.0002848658201529686,EU,0.1,3,691
1.0,0.030668294171498325,0.0,0.0,0.7081592039800996,0.0,0.0,1005.0,1.0,0.00099601593625498,0.0,0.0,1.0,-1.1102230246251565e-15,0.0013404143461795415,EU,0.1,3,684
1.0,0.030668294171498325,0.0,0.0,0.7081592039800996,0.0,0.0,1005.0,1.0,0.00099601593625498,0.0,0.0,1.0,-1.1102230246251565e-15,0.0002675007054280809,EU,0.1,3,675
1.0,0.030668294171498325,0.0,0.0,0.7096915422885572,0.46,0.46,3.0,1.0,0.00099601593625498,0.0,985.0,1.0,-1.1102230246251565e-15,-0.0003874351624959804,EU,0.1,4,995
2.0,0.06133658834299665,1.0,0.0,0.7096915422885572,0.0,0.09,4.0,2.0,0.00199203187250996,1.0,984.0,1.0,-1.1102230246251565e-15,-0.0012280757406994969,EU,0.1,4,846
1.0,0.030668294171498325,0.0,0.0,0.7096915422885572,0.0,0.0,1005.0,1.0,0.00099601593625498,0.0,0.0,1.0,-1.1102230246251565e-15,-0.0001505546892403703,EU,0.1,4,808
1.0,0.030668294171498325,0.0,0.0,0.7096915422885572,0.0,0.0,1005.0,1.0,0.00099601593625498,0.0,0.0,1.0,-1.1102230246251565e-15,-0.00011907982475681256,EU,0.1,4,746
1.0,0.030668294171498325,0.0,0.0,0.7096915422885572,0.0,0.0,1005.0,1.0,0.00099601593625498,0.0,0.0,1.0,-1.1102230246251565e-15,0.0005285572139303446,EU,0.1,4,732
1.0,0.030668294171498325,0.0,0.0,0.7096915422885572,0.0,0.0,1005.0,1.0,0.00099601593625498,0.0,0.0,1.0,-1.1102230246251565e-15,0.0002365367193881418,EU,0.1,4,731
1.0,0.030668294171498325,0.0,0.0,0.7096915422885572,0.0,0.0,1005.0,1.0,0.00099601593625498,0.0,0.0,1.0,-1.1102230246251565e-15,-0.0013355804064255905,EU,0.1,4,711
1.0,0.030668294171498325,0.0,0.0,0.7096915422885572,0.0,0.0,1005.0,1.0,0.00099601593625498,0.0,0.0,1.0,-1.1102230246251565e-15,-0.0003920338605480078,EU,0.1,4,691
1.0,0.030668294171498325,0.0,0.0,0.7096915422885572,0.0,0.0,1005.0,1.0,0.00099601593625498,0.0,0.0,1.0,-1.1102230246251565e-15,1.8334595678334842e-05,EU,0.1,4,684
1.0,0.030668294171498325,0.0,0.0,0.7096915422885572,0.0,0.0,1005.0,1.0,0.00099601593625498,0.0,0.0,1.0,-1.1102230246251565e-15,-0.00024213182842008907,EU,0.1,4,675
1.0,0.030668294171498325,0.0,0.0,0.7102885572139304,1.0,1.0,2.0,0.0,0.00099601593625498,0.0,985.0,1.0,2.220446049250313e-16,0.0005617167891883851,EU,0.1,5,960
2.0,0.06133658834299665,1.0,0.0,0.7102885572139304,0.0,0.05,4.0,2.0,0.00199203187250996,1.0,984.0,1.0,2.220446049250313e-16,0.0003776983738026235,EU,0.1,5,846
1.0,0.030668294171498325,0.0,0.0,0.7102885572139304,0.0,0.0,1005.0,1.0,0.00099601593625498,0.0,0.0,1.0,2.220446049250313e-16,0.0011285209772035343,EU,0.1,5,808
1.0,0.030668294171498325,0.0,0.0,0.7102885572139304,0.0,0.0,1005.0,1.0,0.00099601593625498,0.0,0.0,1.0,2.220446049250313e-16,0.0005437457488676051,EU,0.1,5,746
1.0,0.030668294171498325,0.0,0.0,0.7102885572139304,0.0,0.0,1005.0,1.0,0.00099601593625498,0.0,0.0,1.0,2.220446049250313e-16,0.0008548311180416324,EU,0.1,5,731
1.0,0.030668294171498325,0.0,0.0,0.7102885572139304,0.0,0.0,1005.0,1.0,0.00099601593625498,0.0,0.0,1.0,2.220446049250313e-16,0.00161177634216976,EU,0.1,5,711
1.0,0.030668294171498325,0.0,0.0,0.7102885572139304,0.0,0.0,1005.0,1.0,0.00099601593625498,0.0,0.0,1.0,2.220446049250313e-16,0.0013448482958342556,EU,0.1,5,691
1.0,0.030668294171498325,0.0,0.0,0.7102885572139304,0.0,0.0,1005.0,1.0,0.00099601593625498,0.0,0.0,1.0,2.220446049250313e-16,0.00012728477017895368,EU,0.1,5,684
1.0,0.030668294171498325,0.0,0.0,0.7102885572139304,0.0,0.0,1005.0,1.0,0.00099601593625498,0.0,0.0,1.0,2.220446049250313e-16,0.0003359203980099479,EU,0.1,5,675
1.0,0.030668294171498325,0.0,0.0,0.7102885572139304,0.0,0.0,1005.0,1.0,0.00099601593625498,0.0,0.0,1.0,2.220446049250313e-16,0.0015758841612831392,EU,0.1,5,670
1.0,0.030668294171498325,0.0,0.0,0.7136915422885572,0.28,0.28,4.0,1.0,0.00099601593625498,0.0,985.0,1.0,0.0,-0.0006846167174079931,EU,0.1,6,916
2.0,0.06133658834299665,1.0,0.0,0.7136915422885572,0.0,0.06,4.0,2.0,0.00199203187250996,1.0,984.0,1.0,0.0,0.00017613504616222075,EU,0.1,6,846
1.0,0.030668294171498325,0.0,0.0,0.7136915422885572,0.0,0.0,1005.0,1.0,0.00099601593625498,0.0,0.0,1.0,0.0,-0.0012217709462637033,EU,0.1,6,808
1.0,0.030668294171498325,0.0,0.0,0.7136915422885572,0.0,0.0,1005.0,1.0,0.00099601593625498,0.0,0.0,1.0,0.0,-0.002075901091557128,EU,0.1,6,746
1.0,0.030668294171498325,0.0,0.0,0.7136915422885572,0.0,0.0,1005.0,1.0,0.00099601593625498,0.0,0.0,1.0,0.0,-0.0011780262864780483,EU,0.1,6,731
1.0,0.030668294171498325,0.0,0.0,0.7136915422885572,0.0,0.0,1005.0,1.0,0.00099601593625498,0.0,0.0,1.0,0.0,-0.0005350156679290036,EU,0.1,6,691
1.0,0.030668294171498325,0.0,0.0,0.7136915422885572,0.0,0.0,1005.0,1.0,0.00099601593625498,0.0,0.0,1.0,0.0,-0.000602183114279356,EU,0.1,6,684
1.0,0.030668294171498325,0.0,0.0,0.7136915422885572,0.0,0.0,1005.0,1.0,0.00099601593625498,0.0,0.0,1.0,0.0,-0.0004364446424593438,EU,0.1,6,675
1.0,0.030668294171498325,0.0,0.0,0.7136915422885572,0.0,0.0,1005.0,1.0,0.00099601593625498,0.0,0.0,1.0,0.0,-0.0004528165144427193,EU,0.1,6,670
1.0,0.030668294171498325,0.0,0.0,0.7136915422885572,0.0,0.0,1005.0,1.0,0.00099601593625498,0.0,0.0,1.0,0.0,-0.0017715458528254208,EU,0.1,6,660
1.0,0.030668294171498325,0.0,0.0,0.7110049751243781,1.0,1.0,3.0,0.0,0.00099601593625498,0.0,985.0,1.0,-3.3306690738754696e-16,0.00010602509838866792,EU,0.1,7,1002
1.0,0.030668294171498325,0.0,0.0,0.7110049751243781,0.16,0.16,3.0,1.0,0.00099601593625498,0.0,985.0,1.0,-3.3306690738754696e-16,0.00024557807975050805,EU,0.1,7,916
1.0,0.030668294171498325,0.0,0.0,0.7110049751243781,0.0,0.0,1005.0,1.0,0.00099601593625498,0.0,0.0,1.0,-3.3306690738754696e-16,0.0005483159327739351,EU,0.1,7,808
1.0,0.030668294171498325,0.0,0.0,0.7110049751243781,0.0,0.0,1005.0,1.0,0.00099601593625498,0.0,0.0,1.0,-3.3306690738754696e-16,-0.00010343902378652514,EU,0.1,7,746
1.0,0.030668294171498325,0.0,0.0,0.7110049751243781,0.0,0.0,1005.0,1.0,0.00099601593625498,0.0,0.0,1.0,-3.3306690738754696e-16,0.00015611573970941706,EU,0.1,7,731
1.0,0.030668294171498325,0.0,0.0,0.7110049751243781,0.0,0.0,1005.0,1.0,0.00099601593625498,0.0,0.0,1.0,-3.3306690738754696e-16,0.0005086210737358099,EU,0.1,7,691
1.0,0.030668294171498325,0.0,0.0,0.7110049751243781,0.0,0.0,1005.0,1.0,0.00099601593625498,0.0,0.0,1.0,-3.3306690738754696e-16,0.0012451770995767497,EU,0.1,7,684
1.0,0.030668294171498325,0.0,0.0,0.7110049751243781,0.0,0.0,1005.0,1.0,0.00099601593625498,0.0,0.0,1.0,-3.3306690738754696e-16,-0.000427671790302217,EU,0.1,7,675
1.0,0.030668294171498325,0.0,0.0,0.7110049751243781,0.0,0.0,1005.0,1.0,0.00099601593625498,0.0,0.0,1.0,-3.3306690738754696e-16,0.0017832968490879009,EU,0.1,7,670
1.0,0.030668294171498325,0.0,0.0,0.7110049751243781,0.0,0.0,1005.0,1.0,0.00099601593625498,0.0,0.0,1.0,-3.3306690738754696e-16,0.0003550890324496847,EU,0.1,7,660
1.0,0.030668294171498325,0.0,0.0,0.710726368159204,0.0,0.0,1005.0,1.0,0.00099601593625498,0.0,0.0,1.0,-4.440892098500626e-16,0.0010731061112348589,EU,0.1,8,808
1.0,0.030668294171498325,0.0,0.0,0.710726368159204,0.0,0.0,1005.0,1.0,0.00099601593625498,0.0,0.0,1.0,-4.440892098500626e-16,0.0005893786787455751,EU,0.1,8,746
1.0,0.030668294171498325,0.0,0.0,0.710726368159204,0.0,0.0,1005.0,1.0,0.00099601593625498,0.0,0.0,1.0,-4.440892098500626e-16,0.0013331313581346899,EU,0.1,8,731
1.0,0.030668294171498325,0.0,0.0,0.710726368159204,0.0,0.0,1005.0,1.0,0.00099601593625498,0.0,0.0,1.0,-4.440892098500626e-16,0.0015082295982772609,EU,0.1,8,691
1.0,0.030668294171498325,0.0,0.0,0.710726368159204,0.0,0.0,1005.0,1.0,0.00099601593625498,0.0,0.0,1.0,-4.440892098500626e-16,0.0012926887948318116,EU,0.1,8,684
1.0,0.030668294171498325,0.0,0.0,0.710726368159204,0.0,0.0,1005.0,1.0,0.00099601593625498,0.0,0.0,1.0,-4.440892098500626e-16,0.0020980526224598367,EU,0.1,8,675
1.0,0.030668294171498325,0.0,0.0,0.710726368159204,0.0,0.0,1005.0,1.0,0.00099601593625498,0.0,0.0,1.0,-4.440892098500626e-16,0.0011693255117447565,EU,0.1,8,660
1.0,0.030668294171498325,0.0,0.0,0.710726368159204,0.0,0.0,1005.0,1.0,0.00099601593625498,0.0,0.0,1.0,-4.440892098500626e-16,0.0003863191505160679,EU,0.1,8,658
1.0,0.030668294171498325,0.0,0.0,0.710726368159204,0.0,0.0,1005.0,1.0,0.00099601593625498,0.0,0.0,1.0,-4.440892098500626e-16,0.0024831496250092705,EU,0.1,8,653
1.0,0.030668294171498325,0.0,0.0,0.710726368159204,0.0,0.0,1005.0,1.0,0.00099601593625498,0.0,0.0,1.0,-4.440892098500626e-16,0.0009281116804039508,EU,0.1,8,648
1.0,0.030668294171498325,0.0,0.0,0.713771144278607,0.26,0.26,3.0,1.0,0.00099601593625498,0.0,985.0,1.0,1.4432899320127035e-15,0.0004185528080988127,EU,0.1,9,916
1.0,0.030668294171498325,0.0,0.0,0.713771144278607,1.0,1.0,2.0,0.0,0.00099601593625498,0.0,985.0,1.0,1.4432899320127035e-15,0.0008854759040617804,EU,0.1,9,853
1.0,0.030668294171498325,0.0,0.0,0.713771144278607,0.0,0.0,1005.0,1.0,0.00099601593625498,0.0,0.0,1.0,1.4432899320127035e-15,0.000933221256899569,EU,0.1,9,808
1.0,0.030668294171498325,0.0,0.0,0.713771144278607,0.0,0.0,1005.0,1.0,0.00099601593625498,0.0,0.0,1.0,1.4432899320127035e-15,-0.0010554154600133647,EU,0.1,9,746
1.0,0.030668294171498325,0.0,0.0,0.713771144278607,0.0,0.0,1005.0,1.0,0.00099601593625498,0.0,0.0,1.0,1.4432899320127035e-15,0.0006284858295586698,EU,0.1,9,731
1.0,0.030668294171498325,0.0,0.0,0.713771144278607,0.0,0.0,1005.0,1.0,0.00099601593625498,0.0,0.0,1.0,1.4432899320127035e-15,0.0006314576371871938,EU,0.1,9,691
1.0,0.030668294171498325,0.0,0.0,0.713771144278607,0.0,0.0,1005.0,1.0,0.00099601593625498,0.0,0.0,1.0,1.4432899320127035e-15,-0.0002116264448899785,EU,0.1,9,684
1.0,0.030668294171498325,0.0,0.0,0.713771144278607,0.0,0.0,1005.0,1.0,0.00099601593625498,0.0,0.0,1.0,1.4432899320127035e-15,0.0023433146704289337,EU,0.1,9,675
1.0,0.030668294171498325,0.0,0.0,0.713771144278607,0.0,0.0,1005.0,1.0,0.00099601593625498,0.0,0.0,1.0,1.4432899320127035e-15,0.001799004975124363,EU,0.1,9,660
1.0,0.030668294171498325,0.0,0.0,0.713771144278607,0.0,0.0,1005.0,1.0,0.00099601593625498,0.0,0.0,1.0,1.4432899320127035e-15,-0.00011659830202223609,EU,0.1,9,658
1.0,0.030668294171498325,0.0,0.0,0.8153432835820895,0.0,0.0,1005.0,1.0,0.00099601593625498,0.0,0.0,1.0,-6.661338147750939e-16,0.002896835226850844,EU,0.2,0,808
1.0,0.030668294171498325,0.0,0.0,0.8153432835820895,0.0,0.0,1005.0,1.0,0.00099601593625498,0.0,0.0,1.0,-6.661338147750939e-16,0.0024314289250266102,EU,0.2,0,798
1.0,0.030668294171498325,0.0,0.0,0.8153432835820895,0.0,0.0,1005.0,1.0,0.00099601593625498,0.0,0.0,1.0,-6.661338147750939e-16,0.0014144434048662252,EU,0.2,0,772
1.0,0.030668294171498325,0.0,0.0,0.8153432835820895,0.0,0.0,1005.0,1.0,0.00099601593625498,0.0,0.0,1.0,-6.661338147750939e-16,0.0019822242023712494,EU,0.2,0,746
1.0,0.030668294171498325,0.0,0.0,0.8153432835820895,0.0,0.0,1005.0,1.0,0.00099601593625498,0.0,0.0,1.0,-6.661338147750939e-16,0.0015193897180763027,EU,0.2,0,744
1.0,0.030668294171498325,0.0,0.0,0.8153432835820895,0.0,0.0,1005.0,1.0,0.00099601593625498,0.0,0.0,1.0,-6.661338147750939e-16,0.0009570408653251233,EU,0.2,0,732
1.0,0.030668294171498325,0.0,0.0,0.8153432835820895,0.0,0.0,1005.0,1.0,0.00099601593625498,0.0,0.0,1.0,-6.661338147750939e-16,0.001518364000891087,EU,0.2,0,731
1.0,0.030668294171498325,0.0,0.0,0.8153432835820895,0.0,0.0,1005.0,1.0,0.00099601593625498,0.0,0.0,1.0,-6.661338147750939e-16,0.0024656458998539715,EU,0.2,0,711
1.0,0.030668294171498325,0.0,0.0,0.8153432835820895,0.0,0.0,1005.0,1.0,0.00099601593625498,0.0,0.0,1.0,-6.661338147750939e-16,0.002752180589589384,EU,0.2,0,703
1.0,0.030668294171498325,0.0,0.0,0.8153432835820895,0.0,0.0,1005.0,1.0,0.00099601593625498,0.0,0.0,1.0,-6.661338147750939e-16,0.001583079230712131,EU,0.2,0,691
1.0,0.030668294171498325,0.0,0.0,0.816636815920398,0.0,0.0,1005.0,1.0,0.00099601593625498,0.0,0.0,1.0,-1.1102230246251565e-15,-0.0006484892948194348,EU,0.2,1,798
1.0,0.030668294171498325,0.0,0.0,0.816636815920398,0.0,0.0,1005.0,1.0,0.00099601593625498,0.0,0.0,1.0,-1.1102230246251565e-15,0.0007163299918318822,EU,0.2,1,772
1.0,0.030668294171498325,0.0,0.0,0.816636815920398,0.0,0.0,1005.0,1.0,0.00099601593625498,0.0,0.0,1.0,-1.1102230246251565e-15,-0.0006454652112571485,EU,0.2,1,746
1.0,0.030668294171498325,0.0,0.0,0.816636815920398,0.0,0.0,1005.0,1.0,0.00099601593625498,0.0,0.0,1.0,-1.1102230246251565e-15,-3.505735006559263e-05,EU,0.2,1,744
1.0,0.030668294171498325,0.0,0.0,0.816636815920398,0.0,0.0,1005.0,1.0,0.00099601593625498,0.0,0.0,1.0,-1.1102230246251565e-15,-0.00045646790921016756,EU,0.2,1,732
1.0,0.030668294171498325,0.0,0.0,0.816636815920398,0.0,0.0,1005.0,1.0,0.00099601593625498,0.0,0.0,1.0,-1.1102230246251565e-15,-0.0017125168188906192,EU,0.2,1,731
1.0,0.030668294171498325,0.0,0.0,0.816636815920398,0.0,0.0,1005.0,1.0,0.00099601593625498,0.0,0.0,1.0,-1.1102230246251565e-15,-0.00021066409247295914,EU,0.2,1,711
1.0,0.030668294171498325,0.0,0.0,0.816636815920398,0.0,0.0,1005.0,1.0,0.00099601593625498,0.0,0.0,1.0,-1.1102230246251565e-15,-0.000721614613499677,EU,0.2,1,703
1.0,0.030668294171498325,0.0,0.0,0.816636815920398,0.0,0.0,1005.0,1.0,0.00099601593625498,0.0,0.0,1.0,-1.1102230246251565e-15,0.0006966908739882705,EU,0.2,1,691
1.0,0.030668294171498325,0.0,0.0,0.816636815920398,0.0,0.0,1005.0,1.0,0.00099601593625498,0.0,0.0,1.0,-1.1102230246251565e-15,-0.0006710020049008752,EU,0.2,1,684
1.0,0.030668294171498325,0.0,0.0,0.8171741293532339,0.0,0.0,1005.0,1.0,0.00099601593625498,0.0,0.0,1.0,-8.881784197001252e-16,0.0021206881017796497,EU,0.2,2,798
1.0,0.030668294171498325,0.0,0.0,0.8171741293532339,0.0,0.0,1005.0,1.0,0.00099601593625498,0.0,0.0,1.0,-8.881784197001252e-16,0.0014893492735328362,EU,0.2,2,746
1.0,0.030668294171498325,0.0,0.0,0.8171741293532339,0.0,0.0,1005.0,1.0,0.00099601593625498,0.0,0.0,1.0,-8.881784197001252e-16,0.0014957380262864833,EU,0.2,2,744
1.0,0.030668294171498325,0.0,0.0,0.8171741293532339,0.0,0.0,1005.0,1.0,0.00099601593625498,0.0,0.0,1.0,-8.881784197001252e-16,-0.0011101404420682665,EU,0.2,2,732
1.0,0.030668294171498325,0.0,0.0,0.8171741293532339,0.0,0.0,1005.0,1.0,0.00099601593625498,0.0,0.0,1.0,-8.881784197001252e-16,0.001065985495408539,EU,0.2,2,731
1.0,0.030668294171498325,0.0,0.0,0.8171741293532339,0.0,0.0,1005.0,1.0,0.00099601593625498,0.0,0.0,1.0,-8.881784197001252e-16,0.00012458780723249852,EU,0.2,2,711
1.0,0.030668294171498325,0.0,0.0,0.8171741293532339,0.0,0.0,1005.0,1.0,0.00099601593625498,0.0,0.0,1.0,-8.881784197001252e-16,0.0012022680626717075,EU,0.2,2,703
1.0,0.030668294171498325,0.0,0.0,0.8171741293532339,0.0,0.0,1005.0,1.0,0.00099601593625498,0.0,0.0,1.0,-8.881784197001252e-16,0.0007457161951436864,EU,0.2,2,691
1.0,0.030668294171498325,0.0,0.0,0.8171741293532339,0.0,0.0,1005.0,1.0,0.00099601593625498,0.0,0.0,1.0,-8.881784197001252e-16,0.0010268086433504187,EU,0.2,2,684
1.0,0.030668294171498325,0.0,0.0,0.8171741293532339,0.0,0.0,1005.0,1.0,0.00099601593625498,0.0,0.0,1.0,-8.881784197001252e-16,0.0010484873146704293,EU,0.2,2,675
1.0,0.030668294171498325,0.0,0.0,0.8172935323383085,0.0,0.0,1005.0,1.0,0.00099601593625498,0.0,0.0,1.0,-1.4432899320127035e-15,0.0015798294101631166,EU,0.2,3,746
1.0,0.030668294171498325,0.0,0.0,0.8172935323383085,0.0,0.0,1005.0,1.0,0.00099601593625498,0.0,0.0,1.0,-1.4432899320127035e-15,0.0035947046855275833,EU,0.2,3,744
1.0,0.030668294171498325,0.0,0.0,0.8172935323383085,0.0,0.0,1005.0,1.0,0.00099601593625498,0.0,0.0,1.0,-1.4432899320127035e-15,0.0018422870721021833,EU,0.2,3,732
1.0,0.030668294171498325,0.0,0.0,0.8172935323383085,0.0,0.0,1005.0,1.0,0.00099601593625498,0.0,0.0,1.0,-1.4432899320127035e-15,0.0016240976213460073,EU,0.2,3,731
1.0,0.030668294171498325,0.0,0.0,0.8172935323383085,0.0,0.0,1005.0,1.0,0.00099601593625498,0.0,0.0,1.0,-1.4432899320127035e-15,0.0025187138932204617,EU,0.2,3,711
1.0,0.030668294171498325,0.0,0.0,0.8172935323383085,0.0,0.0,1005.0,1.0,0.00099601593625498,0.0,0.0,1.0,-1.4432899320127035e-15,0.0026343149922031656,EU,0.2,3,703
1.0,0.030668294171498325,0.0,0.0,0.8172935323383085,0.0,0.0,1005.0,1.0,0.00099601593625498,0.0,0.0,1.0,-1.4432899320127035e-15,0.0024073376401574226,EU,0.2,3,691
1.0,0.030668294171498325,0.0,0.0,0.8172935323383085,0.0,0.0,1005.0,1.0,0.00099601593625498,0.0,0.0,1.0,-1.4432899320127035e-15,0.0016262243013786815,EU,0.2,3,684
1.0,0.030668294171498325,0.0,0.0,0.8172935323383085,0.0,0.0,1005.0,1.0,0.00099601593625498,0.0,0.0,1.0,-1.4432899320127035e-15,0.0004759343580604397,EU,0.2,3,675
1.0,0.030668294171498325,0.0,0.0,0.8172935323383085,0.0,0.0,1005.0,1.0,0.00099601593625498,0.0,0.0,1.0,-1.4432899320127035e-15,0.0030625055815450136,EU,0.2,3,670
1.0,0.030668294171498325,0.0,0.0,0.8182089552238806,0.0,0.0,1005.0,1.0,0.00099601593625498,0.0,0.0,1.0,-1.7763568394002505e-15,0.0011784444939481609,EU,0.2,4,746
1.0,0.030668294171498325,0.0,0.0,0.8182089552238806,0.0,0.0,1005.0,1.0,0.00099601593625498,0.0,0.0,1.0,-1.7763568394002505e-15,0.0006127349323036546,EU,0.2,4,732
1.0,0.030668294171498325,0.0,0.0,0.8182089552238806,0.0,0.0,1005.0,1.0,0.00099601593625498,0.0,0.0,1.0,-1.7763568394002505e-15,0.0011213560060394367,EU,0.2,4,731
1.0,0.030668294171498325,0.0,0.0,0.8182089552238806,0.0,0.0,1005.0,1.0,0.00099601593625498,0.0,0.0,1.0,-1.7763568394002505e-15,0.0029487087943367712,EU,0.2,4,711
1.0,0.030668294171498325,0.0,0.0,0.8182089552238806,0.0,0.0,1005.0,1.0,0.00099601593625498,0.0,0.0,1.0,-1.7763568394002505e-15,0.0019689912625925066,EU,0.2,4,703
1.0,0.030668294171498325,0.0,0.0,0.8182089552238806,0.0,0.0,1005.0,1.0,0.00099601593625498,0.0,0.0,1.0,-1.7763568394002505e-15,0.0010688186926066101,EU,0.2,4,691
1.0,0.030668294171498325,0.0,0.0,0.8182089552238806,0.0,0.0,1005.0,1.0,0.00099601593625498,0.0,0.0,1.0,-1.7763568394002505e-15,0.0009780249003737418,EU,0.2,4,684
1.0,0.030668294171498325,0.0,0.0,0.8182089552238806,0.0,0.0,1005.0,1.0,0.00099601593625498,0.0,0.0,1.0,-1.7763568394002505e-15,0.0020881645503824098,EU,0.2,4,675
1.0,0.030668294171498325,0.0,0.0,0.8182089552238806,0.0,0.0,1005.0,1.0,0.00099601593625498,0.0,0.0,1.0,-1.7763568394002505e-15,0.0010077390163609756,EU,0.2,4,670
1.0,0.030668294171498325,0.0,0.0,0.8182089552238806,0.0,0.0,1005.0,1.0,0.00099601593625498,0.0,0.0,1.0,-1.7763568394002505e-15,0.001734596272369493,EU,0.2,4,660
1.0,0.030668294171498325,0.0,0.0,0.8183084577114428,0.0,0.0,1005.0,1.0,0.00099601593625498,0.0,0.0,1.0,-1.5543122344752192e-15,0.0011373674909037068,EU,0.2,5,746
1.0,0.030668294171498325,0.0,0.0,0.8183084577114428,0.0,0.0,1005.0,1.0,0.00099601593625498,0.0,0.0,1.0,-1.5543122344752192e-15,0.0010478433702136164,EU,0.2,5,732
1.0,0.030668294171498325,0.0,0.0,0.8183084577114428,0.0,0.0,1005.0,1.0,0.00099601593625498,0.0,0.0,1.0,-1.5543122344752192e-15,0.0012111842776168918,EU,0.2,5,731
1.0,0.030668294171498325,0.0,0.0,0.8183084577114428,0.0,0.0,1005.0,1.0,0.00099601593625498,0.0,0.0,1.0,-1.5543122344752192e-15,0.0007776187718125938,EU,0.2,5,703
1.0,0.030668294171498325,0.0,0.0,0.8183084577114428,0.0,0.0,1005.0,1.0,0.00099601593625498,0.0,0.0,1.0,-1.5543122344752192e-15,0.0012446804782060006,EU,0.2,5,691
1.0,0.030668294171498325,0.0,0.0,0.8183084577114428,0.0,0.0,1005.0,1.0,0.00099601593625498,0.0,0.0,1.0,-1.5543122344752192e-15,0.0005661230167570142,EU,0.2,5,684
1.0,0.030668294171498325,0.0,0.0,0.8183084577114428,0.0,0.0,1005.0,1.0,0.00099601593625498,0.0,0.0,1.0,-1.5543122344752192e-15,0.000786030444790975,EU,0.2,5,675
1.0,0.030668294171498325,0.0,0.0,0.8183084577114428,0.0,0.0,1005.0,1.0,0.00099601593625498,0.0,0.0,1.0,-1.5543122344752192e-15,0.0012897803519714979,EU,0.2,5,670
1.0,0.030668294171498325,0.0,0.0,0.8183084577114428,0.0,0.0,1005.0,1.0,0.00099601593625498,0.0,0.0,1.0,-1.5543122344752192e-15,0.0007790642805871328,EU,0.2,5,660
1.0,0.030668294171498325,0.0,0.0,0.8183084577114428,0.0,0.0,1005.0,1.0,0.00099601593625498,0.0,0.0,1.0,-1.5543122344752192e-15,0.0015792583351897371,EU,0.2,5,658
1.0,0.030668294171498325,0.0,0.0,0.8201791044776119,0.0,0.0,1005.0,1.0,0.00099601593625498,0.0,0.0,1.0,-1.2212453270876722e-15,0.0010025763718719827,EU,0.2,6,746
1.0,0.030668294171498325,0.0,0.0,0.8201791044776119,0.0,0.0,1005.0,1.0,0.00099601593625498,0.0,0.0,1.0,-1.2212453270876722e-15,0.000529067300314337,EU,0.2,6,732
1.0,0.030668294171498325,0.0,0.0,0.8201791044776119,0.0,0.0,1005.0,1.0,0.00099601593625498,0.0,0.0,1.0,-1.2212453270876722e-15,0.0016345749857676756,EU,0.2,6,731
1.0,0.030668294171498325,0.0,0.0,0.8201791044776119,0.0,0.0,1005.0,1.0,0.00099601593625498,0.0,0.0,1.0,-1.2212453270876722e-15,-0.00015428132967006125,EU,0.2,6,703
1.0,0.030668294171498325,0.0,0.0,0.8201791044776119,0.0,0.0,1005.0,1.0,0.00099601593625498,0.0,0.0,1.0,-1.2212453270876722e-15,0.0016140590579441089,EU,0.2,6,691
1.0,0.030668294171498325,0.0,0.0,0.8201791044776119,0.0,0.0,1005.0,1.0,0.00099601593625498,0.0,0.0,1.0,-1.2212453270876722e-15,0.001432229103240007,EU,0.2,6,684
1.0,0.030668294171498325,0.0,0.0,0.8201791044776119,0.0,0.0,1005.0,1.0,0.00099601593625498,0.0,0.0,1.0,-1.2212453270876722e-15,0.0009014818445087919,EU,0.2,6,675
1.0,0.030668294171498325,0.0,0.0,0.8201791044776119,0.0,0.0,1005.0,1.0,0.00099601593625498,0.0,0.0,1.0,-1.2212453270876722e-15,0.00020781267790401237,EU,0.2,6,670
1.0,0.030668294171498325,0.0,0.0,0.8201791044776119,0.0,0.0,1005.0,1.0,0.00099601593625498,0.0,0.0,1.0,-1.2212453270876722e-15,0.0024309489369074982,EU,0.2,6,660
1.0,0.030668294171498325,0.0,0.0,0.8201791044776119,0.0,0.0,1005.0,1.0,0.00099601593625498,0.0,0.0,1.0,-1.2212453270876722e-15,0.001321879359421796,EU,0.2,6,653
1.0,0.030668294171498325,0.0,0.0,0.8226666666666667,0.0,0.0,1005.0,1.0,0.00099601593625498,0.0,0.0,1.0,-1.4432899320127035e-15,0.0005092460087621764,EU,0.2,7,746
1.0,0.030668294171498325,0.0,0.0,0.8226666666666667,0.0,0.0,1005.0,1.0,0.00099601593625498,0.0,0.0,1.0,-1.4432899320127035e-15,0.0010524531571000778,EU,0.2,7,732
1.0,0.030668294171498325,0.0,0.0,0.8226666666666667,0.0,0.0,1005.0,1.0,0.00099601593625498,0.0,0.0,1.0,-1.4432899320127035e-15,0.0014329340362862347,EU,0.2,7,731
1.0,0.030668294171498325,0.0,0.0,0.8226666666666667,0.0,0.0,1005.0,1.0,0.00099601593625498,0.0,0.0,1.0,-1.4432899320127035e-15,-5.5334075889215684e-05,EU,0.2,7,703
1.0,0.030668294171498325,0.0,0.0,0.8226666666666667,0.0,0.0,1005.0,1.0,0.00099601593625498,0.0,0.0,1.0,-1.4432899320127035e-15,0.0020454456077819844,EU,0.2,7,691
1.0,0.030668294171498325,0.0,0.0,0.8226666666666667,0.0,0.0,1005.0,1.0,0.00099601593625498,0.0,0.0,1.0,-1.4432899320127035e-15,1.68447315660597e-05,EU,0.2,7,684
1.0,0.030668294171498325,0.0,0.0,0.8226666666666667,0.0,0.0,1005.0,1.0,0.00099601593625498,0.0,0.0,1.0,-1.4432899320127035e-15,0.002073793420954942,EU,0.2,7,675
1.0,0.030668294171498325,0.0,0.0,0.8226666666666667,0.0,0.0,1005.0,1.0,0.00099601593625498,0.0,0.0,1.0,-1.4432899320127035e-15,0.000359464369693821,EU,0.2,7,670
1.0,0.030668294171498325,0.0,0.0,0.8226666666666667,0.0,0.0,1005.0,1.0,0.00099601593625498,0.0,0.0,1.0,-1.4432899320127035e-15,0.0012849899754956706,EU,0.2,7,653
1.0,0.030668294171498325,0.0,0.0,0.8226666666666667,0.0,0.0,1005.0,1.0,0.00099601593625498,0.0,0.0,1.0,-1.4432899320127035e-15,0.0030515078339645035,EU,0.2,7,648
1.0,0.030668294171498325,0.0,0.0,0.8219303482587065,0.0,0.0,1005.0,1.0,0.00099601593625498,0.0,0.0,1.0,-7.771561172376096e-16,0.001485710551719005,EU,0.2,8,746
1.0,0.030668294171498325,0.0,0.0,0.8219303482587065,0.0,0.0,1005.0,1.0,0.00099601593625498,0.0,0.0,1.0,-7.771561172376096e-16,0.001766776861958863,EU,0.2,8,732
1.0,0.030668294171498325,0.0,0.0,0.8219303482587065,0.0,0.0,1005.0,1.0,0.00099601593625498,0.0,0.0,1.0,-7.771561172376096e-16,0.002597306799336646,EU,0.2,8,731
1.0,0.030668294171498325,0.0,0.0,0.8219303482587065,0.0,0.0,1005.0,1.0,0.00099601593625498,0.0,0.0,1.0,-7.771561172376096e-16,-0.00031115982277667154,EU,0.2,8,703
1.0,0.030668294171498325,0.0,0.0,0.8219303482587065,0.0,0.0,1005.0,1.0,0.00099601593625498,0.0,0.0,1.0,-7.771561172376096e-16,-0.0005199570307665713,EU,0.2,8,691
1.0,0.030668294171498325,0.0,0.0,0.8219303482587065,0.0,0.0,1005.0,1.0,0.00099601593625498,0.0,0.0,1.0,-7.771561172376096e-16,0.0023727333481844554,EU,0.2,8,684
1.0,0.030668294171498325,0.0,0.0,0.8219303482587065,0.0,0.0,1005.0,1.0,0.00099601593625498,0.0,0.0,1.0,-7.771561172376096e-16,0.00016609965099873003,EU,0.2,8,675
1.0,0.030668294171498325,0.0,0.0,0.8219303482587065,0.0,0.0,1005.0,1.0,0.00099601593625498,0.0,0.0,1.0,-7.771561172376096e-16,0.0011581598475285254,EU,0.2,8,670
1.0,0.030668294171498325,0.0,0.0,0.8219303482587065,0.0,0.0,1005.0,1.0,0.00099601593625498,0.0,0.0,1.0,-7.771561172376096e-16,0.0011864720180193439,EU,0.2,8,653
1.0,0.030668294171498325,0.0,0.0,0.8219303482587065,0.0,0.0,1005.0,1.0,0.00099601593625498,0.0,0.0,1.0,-7.771561172376096e-16,0.0012286610727457181,EU,0.2,8,633
1.0,0.030668294171498325,0.0,0.0,0.8234825870646766,0.0,0.0,1005.0,1.0,0.00099601593625498,0.0,0.0,1.0,-2.1094237467877974e-15,-0.0015243400905918109,EU,0.2,9,746
1.0,0.030668294171498325,0.0,0.0,0.8234825870646766,0.0,0.0,1005.0,1.0,0.00099601593625498,0.0,0.0,1.0,-2.1094237467877974e-15,-9.346699339124465e-05,EU,0.2,9,732
1.0,0.030668294171498325,0.0,0.0,0.8234825870646766,0.0,0.0,1005.0,1.0,0.00099601593625498,0.0,0.0,1.0,-2.1094237467877974e-15,7.023984554838103e-05,EU,0.2,9,703
1.0,0.030668294171498325,0.0,0.0,0.8234825870646766,0.0,0.0,1005.0,1.0,0.00099601593625498,0.0,0.0,1.0,-2.1094237467877974e-15,-0.00016197856488700535,EU,0.2,9,691
1.0,0.030668294171498325,0.0,0.0,0.8234825870646766,0.0,0.0,1005.0,1.0,0.00099601593625498,0.0,0.0,1.0,-2.1094237467877974e-15,0.0004998173312541904,EU,0.2,9,684
1.0,0.030668294171498325,0.0,0.0,0.8234825870646766,0.0,0.0,1005.0,1.0,0.00099601593625498,0.0,0.0,1.0,-2.1094237467877974e-15,-0.0011486781020271647,EU,0.2,9,675
1.0,0.030668294171498325,0.0,0.0,0.8234825870646766,0.0,0.0,1005.0,1.0,0.00099601593625498,0.0,0.0,1.0,-2.1094237467877974e-15,7.836400089107631e-05,EU,0.2,9,670
1.0,0.030668294171498325,0.0,0.0,0.8234825870646766,0.0,0.0,1005.0,1.0,0.00099601593625498,0.0,0.0,1.0,-2.1094237467877974e-15,-0.0007139649018588629,EU,0.2,9,653
1.0,0.030668294171498325,0.0,0.0,0.8234825870646766,0.0,0.0,1005.0,1.0,0.00099601593625498,0.0,0.0,1.0,-2.1094237467877974e-15,0.0012828450780921347,EU,0.2,9,633
1.0,0.030668294171498325,0.0,0.0,0.8234825870646766,0.0,0.0,1005.0,1.0,0.00099601593625498,0.0,0.0,1.0,-2.1094237467877974e-15,0.0009754546669636932,EU,0.2,9,580
9.0,0.2059920212163112,0.5555555555555556,0.0,0.5321267640505076,0.0,0.017777777777777778,4.0,9.0,0.002228826151560178,0.5555555555555556,4039.0,1.0,8.770761894538737e-15,0.0034961340841134503,Facebook,0.1,0,4038
4.0,0.09155200942947164,0.6666666666666666,0.0,0.5321267640505076,0.0,0.015,4.0,4.0,0.0009905894006934125,0.6666666666666666,4039.0,1.0,8.770761894538737e-15,0.008502860026354836,Facebook,0.1,0,4037
2.0,0.04577600471473582,1.0,0.0,0.5321267640505076,0.0,0.02,4.0,2.0,0.0004952947003467063,1.0,4039.0,1.0,8.770761894538737e-15,0.008487145552453113,Facebook,0.1,0,4036
1.0,0.02288800235736791,0.0,0.0,0.5321267640505076,0.04,0.04,4.0,1.0,0.00024764735017335313,0.0,4039.0,1.0,8.770761894538737e-15,0.0064096784992032085,Facebook,0.1,0,4035
2.0,0.04577600471473582,1.0,0.0,0.5321267640505076,0.02,0.03,4.0,2.0,0.0004952947003467063,1.0,4039.0,1.0,8.770761894538737e-15,-0.003056826984193045,Facebook,0.1,0,4034
19.0,0.4348720447899903,0.3684210526315789,0.0,0.5321267640505076,0.0,0.004210526315789474,4.0,19.0,0.0047052996532937095,0.3684210526315789,4039.0,1.0,8.770761894538737e-15,0.010157710527359504,Facebook,0.1,0,4030
2.0,0.04577600471473582,1.0,0.0,0.5321267640505076,0.0,0.02,4.0,2.0,0.0004952947003467063,1.0,4039.0,1.0,8.770761894538737e-15,0.0014606030421023264,Facebook,0.1,0,4028
7.0,0.16021601650157538,0.5238095238095238,0.0,0.5321267640505076,0.0,0.02,4.0,7.0,0.001733531451213472,0.5238095238095238,4039.0,1.0,8.770761894538737e-15,0.006641346009852805,Facebook,0.1,0,4027
9.0,0.2059920212163112,0.6388888888888888,0.0,0.5321267640505076,0.0,0.0044444444444444444,4.0,9.0,0.002228826151560178,0.6388888888888888,4039.0,1.0,8.770761894538737e-15,0.0045036589709848696,Facebook,0.1,0,4026
4.0,0.09155200942947164,1.0,0.0,0.5321267640505076,0.0,0.01,4.0,4.0,0.0009905894006934125,1.0,4039.0,1.0,8.770761894538737e-15,-0.00040809917123346695,Facebook,0.1,0,4025
4.0,0.09155200942947164,1.0,0.0,0.5346868036642733,0.02,0.11,2.0,4.0,0.0009905894006934125,1.0,4039.0,1.0,1.099120794378905e-14,-0.006126485729230385,Facebook,0.1,1,4007
2.0,0.04577600471473582,1.0,0.0,0.5346868036642733,0.02,0.19,2.0,2.0,0.0004952947003467063,1.0,4039.0,1.0,1.099120794378905e-14,-0.0001644177244140288,Facebook,0.1,1,4006
2.0,0.04577600471473582,1.0,0.0,0.5346868036642733,0.08,0.33999999999999997,3.0,1.0,0.0004952947003467063,1.0,4039.0,1.0,1.099120794378905e-14,0.0017846452154626768,Facebook,0.1,1,3746
8.0,0.18310401885894328,1.0,0.0,0.5346868036642733,0.1,0.2025,3.0,7.0,0.001981178801386825,1.0,4039.0,1.0,1.099120794378905e-14,0.007475409385870768,Facebook,0.1,1,3572
4.0,0.09155200942947164,0.5,0.0,0.5346868036642733,0.08,0.24,3.0,3.0,0.0009905894006934125,0.5,4039.0,1.0,1.099120794378905e-14,0.003449832025839178,Facebook,0.1,1,3494
6.0,0.13732801414420745,0.8,0.0,0.5346868036642733,0.0,0.02666666666666667,4.0,6.0,0.0014858841010401188,0.8,4039.0,1.0,1.099120794378905e-14,0.0025830849391740573,Facebook,0.1,1,895
4.0,0.09155200942947164,0.8333333333333334,0.0,0.5346868036642733,0.0,0.035,4.0,4.0,0.0009905894006934125,0.8333333333333334,4039.0,1.0,1.099120794378905e-14,-0.0007172398895370358,Facebook,0.1,1,893
1.0,0.02288800235736791,0.0,0.0,0.5346868036642733,0.08,0.08,4.0,1.0,0.00024764735017335313,0.0,4039.0,1.0,1.099120794378905e-14,0.0012547371962189913,Facebook,0.1,1,892
1.0,0.02288800235736791,0.0,0.0,0.5346868036642733,0.08,0.08,4.0,1.0,0.00024764735017335313,0.0,4039.0,1.0,1.099120794378905e-14,0.007799056157159437,Facebook,0.1,1,891
7.0,0.16021601650157538,0.8095238095238095,0.0,0.5346868036642733,0.0,0.02,4.0,7.0,0.001733531451213472,0.8095238095238095,4039.0,1.0,1.099120794378905e-14,0.006865966703325413,Facebook,0.1,1,890
1.0,0.02288800235736791,0.0,0.0,0.5282693736073285,0.36,0.36,2.0,1.0,0.00024764735017335313,0.0,4039.0,1.0,6.328271240363392e-15,0.0007762305145529169,Facebook,0.1,2,4035
1.0,0.02288800235736791,0.0,0.0,0.5282693736073285,0.36,0.36,2.0,1.0,0.00024764735017335313,0.0,4039.0,1.0,6.328271240363392e-15,0.004896537589892447,Facebook,0.1,2,4022
2.0,0.04577600471473582,1.0,0.0,0.5282693736073285,0.02,0.19,2.0,2.0,0.0004952947003467063,1.0,4039.0,1.0,6.328271240363392e-15,-0.004677711402707008,Facebook,0.1,2,3987
6.0,0.13732801414420745,0.8,0.0,0.5282693736073285,0.02,0.13666666666666666,3.0,5.0,0.0014858841010401188,0.8,4039.0,1.0,6.328271240363392e-15,0.004172578022856005,Facebook,0.1,2,3963
12.0,0.2746560282884149,0.30303030303030304,0.0,0.5282693736073285,0.0,0.08666666666666667,3.0,11.0,0.0029717682020802376,0.30303030303030304,4039.0,1.0,6.328271240363392e-15,0.017858494925773516,Facebook,0.1,2,3949
7.0,0.16021601650157538,0.8095238095238095,0.0,0.5282693736073285,0.0,0.1285714285714286,3.0,6.0,0.001733531451213472,0.8095238095238095,4039.0,1.0,6.328271240363392e-15,0.009350940437689678,Facebook,0.1,2,3923
6.0,0.13732801414420745,0.4,0.0,0.5282693736073285,0.04,0.21,3.0,5.0,0.0014858841010401188,0.4,4039.0,1.0,6.328271240363392e-15,0.01266152071033591,Facebook,0.1,2,3859
1.0,0.02288800235736791,0.0,0.0,0.5282693736073285,0.62,0.62,3.0,0.0,0.00024764735017335313,0.0,4039.0,1.0,6.328271240363392e-15,0.0002028028651815672,Facebook,0.1,2,3856
15.0,0.34332003536051864,0.4857142857142857,0.0,0.5282693736073285,0.0,0.11333333333333333,3.0,14.0,0.003714710252600297,0.4857142857142857,4039.0,1.0,6.328271240363392e-15,0.017790938351076993,Facebook,0.1,2,3855
22.0,0.503536051862094,0.5584415584415584,0.0,0.5282693736073285,0.02,0.09636363636363637,3.0,21.0,0.005448241703813769,0.5584415584415584,4039.0,1.0,6.328271240363392e-15,0.015926353360503825,Facebook,0.1,2,3836
2.0,0.04577600471473582,1.0,0.0,0.5596533795493934,0.04,0.16999999999999998,2.0,2.0,0.0004952947003467063,1.0,4039.0,1.0,5.88418203051333e-15,0.0019505081214533648,Facebook,0.1,3,4029
4.0,0.09155200942947164,1.0,0.0,0.5596533795493934,0.04,0.11499999999999999,2.0,4.0,0.0009905894006934125,1.0,4039.0,1.0,5.88418203051333e-15,0.0011996612135418139,Facebook,0.1,3,3990
6.0,0.13732801414420745,0.8,0.0,0.5596533795493934,0.0,0.049999999999999996,2.0,6.0,0.0014858841010401188,0.8,4039.0,1.0,5.88418203051333e-15,0.0015802999242162385,Facebook,0.1,3,895
7.0,0.16021601650157538,0.8095238095238095,0.0,0.5596533795493934,0.02,0.09142857142857143,2.0,7.0,0.001733531451213472,0.8095238095238095,4039.0,1.0,5.88418203051333e-15,0.009324330461829788,Facebook,0.1,3,890
7.0,0.16021601650157538,0.7619047619047619,0.0,0.5596533795493934,0.0,0.045714285714285714,2.0,7.0,0.001733531451213472,0.7619047619047619,4039.0,1.0,5.88418203051333e-15,-0.004367298561726796,Facebook,0.1,3,881
4.0,0.09155200942947164,1.0,0.0,0.5596533795493934,0.02,0.08,2.0,4.0,0.0009905894006934125,1.0,4039.0,1.0,5.88418203051333e-15,0.0035806941738696363,Facebook,0.1,3,877
2.0,0.04577600471473582,1.0,0.0,0.5596533795493934,0.02,0.12,2.0,2.0,0.0004952947003467063,1.0,4039.0,1.0,5.88418203051333e-15,0.0063684502689517475,Facebook,0.1,3,859
5.0,0.11444001178683955,1.0,0.0,0.5596533795493934,0.02,0.064,3.0,5.0,0.0012382367508667657,1.0,4039.0,1.0,5.88418203051333e-15,0.007213554596827987,Facebook,0.1,3,802
1.0,0.02288800235736791,0.0,0.0,0.5596533795493934,0.14,0.14,3.0,1.0,0.00024764735017335313,0.0,4039.0,1.0,5.88418203051333e-15,0.0023158221698430514,Facebook,0.1,3,801
7.0,0.16021601650157538,0.6666666666666666,0.0,0.5596533795493934,0.02,0.054285714285714284,3.0,7.0,0.001733531451213472,0.6666666666666666,4039.0,1.0,5.88418203051333e-15,0.00012886287393139295,Facebook,0.1,3,796
2.0,0.04577600471473582,1.0,0.0,0.5685961871750433,0.28,0.54,2.0,1.0,0.0004952947003467063,1.0,4039.0,1.0,3.3306690738754696e-15,0.0031240830474304204,Facebook,0.1,4,3959
1.0,0.02288800235736791,0.0,0.0,0.5685961871750433,0.5,0.5,2.0,1.0,0.00024764735017335313,0.0,4039.0,1.0,3.3306690738754696e-15,-0.00018247920850440746,Facebook,0.1,4,892
6.0,0.13732801414420745,0.7333333333333333,0.0,0.5685961871750433,0.0,0.12333333333333334,2.0,6.0,0.0014858841010401188,0.7333333333333333,4039.0,1.0,3.3306690738754696e-15,0.0011126299466558964,Facebook,0.1,4,879
1.0,0.02288800235736791,0.0,0.0,0.5685961871750433,0.5,0.5,2.0,1.0,0.00024764735017335313,0.0,4039.0,1.0,3.3306690738754696e-15,0.006473402572013717,Facebook,0.1,4,875
7.0,0.16021601650157538,0.6666666666666666,0.0,0.5685961871750433,0.0,0.13714285714285715,2.0,7.0,0.001733531451213472,0.6666666666666666,4039.0,1.0,3.3306690738754696e-15,0.0008892261578601068,Facebook,0.1,4,871
5.0,0.11444001178683955,0.8,0.0,0.5685961871750433,0.04,0.23199999999999998,2.0,5.0,0.0012382367508667657,0.8,4039.0,1.0,3.3306690738754696e-15,0.003187228262985037,Facebook,0.1,4,864
3.0,0.06866400707210372,0.6666666666666666,0.0,0.5685961871750433,0.0,0.20666666666666667,2.0,3.0,0.0007429420505200594,0.6666666666666666,4039.0,1.0,3.3306690738754696e-15,-0.0008262061881061794,Facebook,0.1,4,301
4.0,0.09155200942947164,0.8333333333333334,0.0,0.5685961871750433,0.12,0.22,2.0,4.0,0.0009905894006934125,0.8333333333333334,4039.0,1.0,3.3306690738754696e-15,0.006947932233636128,Facebook,0.1,4,288
1.0,0.02288800235736791,0.0,0.0,0.5685961871750433,0.42,0.42,2.0,1.0,0.00024764735017335313,0.0,4039.0,1.0,3.3306690738754696e-15,0.0003843995174309667,Facebook,0.1,4,287
5.0,0.11444001178683955,0.6,0.0,0.5685961871750433,0.06,0.156,2.0,5.0,0.0012382367508667657,0.6,4039.0,1.0,3.3306690738754696e-15,-0.00015103432300114794,Facebook,0.1,4,283
1.0,0.02288800235736791,0.0,0.0,0.5784996286209457,0.78,0.78,2.0,0.0,0.00024764735017335313,0.0,4039.0,1.0,1.6653345369377348e-15,0.004787320848760962,Facebook,0.1,5,3974
1.0,0.02288800235736791,0.0,0.0,0.5784996286209457,0.78,0.78,2.0,0.0,0.00024764735017335313,0.0,4039.0,1.0,1.6653345369377348e-15,-0.00478389645006741,Facebook,0.1,5,3820
1.0,0.02288800235736791,0.0,0.0,0.5784996286209457,0.64,0.64,2.0,0.0,0.00024764735017335313,0.0,4039.0,1.0,1.6653345369377348e-15,-0.007308830803601507,Facebook,0.1,5,292
3.0,0.06866400707210372,0.6666666666666666,0.0,0.5784996286209457,0.08,0.2733333333333334,2.0,2.0,0.0007429420505200594,0.6666666666666666,4039.0,1.0,1.6653345369377348e-15,-0.002174440110139328,Facebook,0.1,5,97
2.0,0.04577600471473582,1.0,0.02,0.5584996286209457,0.04,0.19999999999999998,2.0,2.0,0.0004952947003467063,1.0,4039.0,1.0,1.6653345369377348e-15,0.0008205919494632674,Facebook,0.1,5,4028
1.0,0.02288800235736791,0.0,0.02,0.5584996286209457,0.36,0.36,2.0,1.0,0.00024764735017335313,0.0,4039.0,1.0,1.6653345369377348e-15,-0.007526538997926949,Facebook,0.1,5,4015
1.0,0.02288800235736791,0.0,0.02,0.5584996286209457,0.36,0.36,2.0,1.0,0.00024764735017335313,0.0,4039.0,1.0,1.6653345369377348e-15,-0.004443512396863927,Facebook,0.1,5,4010
2.0,0.04577600471473582,1.0,0.02,0.5584996286209457,0.04,0.19999999999999998,2.0,2.0,0.0004952947003467063,1.0,4039.0,1.0,1.6653345369377348e-15,-0.007397712854263674,Facebook,0.1,5,4001
4.0,0.09155200942947164,0.6666666666666666,0.02,0.5584996286209457,0.04,0.16999999999999998,2.0,4.0,0.0009905894006934125,0.6666666666666666,4039.0,1.0,1.6653345369377348e-15,-0.0025745158509925675,Facebook,0.1,5,3999
2.0,0.04577600471473582,1.0,0.02,0.5584996286209457,0.04,0.19999999999999998,2.0,2.0,0.0004952947003467063,1.0,4039.0,1.0,1.6653345369377348e-15,-0.00025400015116297525,Facebook,0.1,5,3987
1.0,0.02288800235736791,0.0,0.0,0.60203020549641,0.42,0.42,2.0,1.0,0.00024764735017335313,0.0,4039.0,1.0,-1.1102230246251565e-15,-0.007678859566858695,Facebook,0.1,6,4015
2.0,0.04577600471473582,1.0,0.0,0.60203020549641,1.0,1.0,2.0,0.0,0.0004952947003467063,1.0,4039.0,1.0,-1.1102230246251565e-15,0.00014708290135524715,Facebook,0.1,6,1967
8.0,0.18310401885894328,0.6785714285714286,0.0,0.60203020549641,0.02,0.1575,2.0,7.0,0.001981178801386825,0.6785714285714286,4039.0,1.0,-1.1102230246251565e-15,-0.0015066589732529306,Facebook,0.1,6,91
2.0,0.04577600471473582,1.0,0.02,0.5820302054964099,0.08,0.25,2.0,2.0,0.0004952947003467063,1.0,4039.0,1.0,-1.1102230246251565e-15,-0.003613046331322353,Facebook,0.1,6,4036
1.0,0.02288800235736791,0.0,0.02,0.5820302054964099,0.42,0.42,2.0,1.0,0.00024764735017335313,0.0,4039.0,1.0,-1.1102230246251565e-15,-0.002000379783125908,Facebook,0.1,6,4008
3.0,0.06866400707210372,0.6666666666666666,0.02,0.5820302054964099,0.18,0.26,2.0,3.0,0.0007429420505200594,0.6666666666666666,4039.0,1.0,-1.1102230246251565e-15,-0.0023202641293685183,Facebook,0.1,6,3991
2.0,0.04577600471473582,1.0,0.02,0.5820302054964099,0.2,0.6,3.0,1.0,0.0004952947003467063,1.0,4039.0,1.0,-1.1102230246251565e-15,-0.00427834986696006,Facebook,0.1,6,2382
4.0,0.09155200942947164,0.8333333333333334,0.02,0.5820302054964099,0.02,0.175,2.0,4.0,0.0009905894006934125,0.8333333333333334,4039.0,1.0,-1.1102230246251565e-15,-0.005663601426080869,Facebook,0.1,6,894
1.0,0.02288800235736791,0.0,0.02,0.5820302054964099,0.5,0.5,2.0,1.0,0.00024764735017335313,0.0,4039.0,1.0,-1.1102230246251565e-15,-0.008275963429354105,Facebook,0.1,6,892
1.0,0.02288800235736791,0.0,0.02,0.5820302054964099,0.5,0.5,2.0,1.0,0.00024764735017335313,0.0,4039.0,1.0,-1.1102230246251565e-15,-0.0043417513116880135,Facebook,0.1,6,883
1.0,0.02288800235736791,0.0,0.0,0.5801138895766279,0.5,0.5,2.0,1.0,0.00024764735017335313,0.0,4039.0,1.0,3.4416913763379853e-15,0.0032916134781694334,Facebook,0.1,7,4035
2.0,0.04577600471473582,1.0,0.0,0.5801138895766279,0.14,0.32,2.0,2.0,0.0004952947003467063,1.0,4039.0,1.0,3.4416913763379853e-15,0.007401438843276084,Facebook,0.1,7,4032
1.0,0.02288800235736791,0.0,0.0,0.5801138895766279,0.5,0.5,2.0,1.0,0.00024764735017335313,0.0,4039.0,1.0,3.4416913763379853e-15,0.004480967658667928,Facebook,0.1,7,4015
1.0,0.02288800235736791,0.0,0.0,0.5801138895766279,0.5,0.5,2.0,1.0,0.00024764735017335313,0.0,4039.0,1.0,3.4416913763379853e-15,0.0008794203532149908,Facebook,0.1,7,4008
2.0,0.04577600471473582,1.0,0.0,0.5801138895766279,0.36,0.42,3.0,2.0,0.0004952947003467063,1.0,4039.0,1.0,3.4416913763379853e-15,0.009334884651817352,Facebook,0.1,7,750
2.0,0.04577600471473582,1.0,0.0,0.5801138895766279,0.18,0.4,2.0,1.0,0.0004952947003467063,1.0,4039.0,1.0,3.4416913763379853e-15,0.007477527040299886,Facebook,0.1,7,305
3.0,0.06866400707210372,0.6666666666666666,0.0,0.5801138895766279,0.04,0.3466666666666667,2.0,2.0,0.0007429420505200594,0.6666666666666666,4039.0,1.0,3.4416913763379853e-15,0.006123682606593642,Facebook,0.1,7,301
4.0,0.09155200942947164,0.8333333333333334,0.0,0.5801138895766279,0.0,0.195,2.0,3.0,0.0009905894006934125,0.8333333333333334,4039.0,1.0,3.4416913763379853e-15,0.0068058858415666335,Facebook,0.1,7,174
3.0,0.06866400707210372,1.0,0.0,0.5801138895766279,0.0,0.2333333333333333,2.0,2.0,0.0007429420505200594,1.0,4039.0,1.0,3.4416913763379853e-15,-0.001791284027525375,Facebook,0.1,7,112
2.0,0.04577600471473582,1.0,0.0,0.5801138895766279,0.06,0.33999999999999997,2.0,1.0,0.0004952947003467063,1.0,4039.0,1.0,3.4416913763379853e-15,0.004545115968526969,Facebook,0.1,7,52
4.0,0.09155200942947164,1.0,0.0,0.5760881406288686,0.0,0.11,2.0,4.0,0.0009905894006934125,1.0,4039.0,1.0,1.6653345369377348e-15,0.0017830421770995974,Facebook,0.1,8,4016
4.0,0.09155200942947164,1.0,0.0,0.5760881406288686,0.0,0.11,2.0,4.0,0.0009905894006934125,1.0,4039.0,1.0,1.6653345369377348e-15,0.0013499848622501587,Facebook,0.1,8,4007
4.0,0.09155200942947164,0.6666666666666666,0.0,0.5760881406288686,0.02,0.17500000000000002,2.0,4.0,0.0009905894006934125,0.6666666666666666,4039.0,1.0,1.6653345369377348e-15,-0.00316618834156035,Facebook,0.1,8,3999
1.0,0.02288800235736791,0.0,0.0,0.5760881406288686,0.78,0.78,2.0,0.0,0.00024764735017335313,0.0,4039.0,1.0,1.6653345369377348e-15,-0.001837309113097041,Facebook,0.1,8,3935
2.0,0.04577600471473582,1.0,0.0,0.5760881406288686,0.04,0.32,2.0,1.0,0.0004952947003467063,1.0,4039.0,1.0,1.6653345369377348e-15,0.0009216938023373367,Facebook,0.1,8,282
1.0,0.02288800235736791,0.0,0.0,0.5760881406288686,0.6,0.6,2.0,0.0,0.00024764735017335313,0.0,4039.0,1.0,1.6653345369377348e-15,0.0020677416726897907,Facebook,0.1,8,210
2.0,0.04577600471473582,1.0,0.0,0.5760881406288686,0.06,0.32999999999999996,2.0,1.0,0.0004952947003467063,1.0,4039.0,1.0,1.6653345369377348e-15,0.003223603292017707,Facebook,0.1,8,154
1.0,0.02288800235736791,0.0,0.0,0.5760881406288686,0.6,0.6,2.0,0.0,0.00024764735017335313,0.0,4039.0,1.0,1.6653345369377348e-15,-0.0033170198879812623,Facebook,0.1,8,114
2.0,0.04577600471473582,1.0,0.0,0.5760881406288686,0.04,0.32,2.0,1.0,0.0004952947003467063,1.0,4039.0,1.0,1.6653345369377348e-15,-0.003669039884154998,Facebook,0.1,8,47
1.0,0.02288800235736791,0.0,0.0,0.5760881406288686,0.6,0.6,2.0,0.0,0.00024764735017335313,0.0,4039.0,1.0,1.6653345369377348e-15,0.006402947885989788,Facebook,0.1,8,43
1.0,0.02288800235736791,0.0,0.0,0.5919980193117108,0.32,0.32,2.0,1.0,0.00024764735017335313,0.0,4039.0,1.0,1.887379141862766e-15,-0.0010395014050001844,Facebook,0.1,9,4015
2.0,0.04577600471473582,1.0,0.0,0.5919980193117108,0.0,0.16,2.0,2.0,0.0004952947003467063,1.0,4039.0,1.0,1.887379141862766e-15,0.0001294582573559827,Facebook,0.1,9,4012
3.0,0.06866400707210372,1.0,0.0,0.5919980193117108,0.16,0.27999999999999997,2.0,3.0,0.0007429420505200594,1.0,4039.0,1.0,1.887379141862766e-15,0.002597875124566912,Facebook,0.1,9,3992
2.0,0.04577600471473582,1.0,0.0,0.5919980193117108,0.0,0.16,2.0,2.0,0.0004952947003467063,1.0,4039.0,1.0,1.887379141862766e-15,0.0030821411515024877,Facebook,0.1,9,3987
2.0,0.04577600471473582,1.0,0.0,0.5919980193117108,0.1,0.33999999999999997,2.0,2.0,0.0004952947003467063,1.0,4039.0,1.0,1.887379141862766e-15,-0.0018165824042522677,Facebook,0.1,9,775
2.0,0.04577600471473582,1.0,0.0,0.5919980193117108,0.28,0.47000000000000003,2.0,1.0,0.0004952947003467063,1.0,4039.0,1.0,1.887379141862766e-15,0.0017616151412070957,Facebook,0.1,9,305
2.0,0.04577600471473582,1.0,0.0,0.5919980193117108,0.04,0.35000000000000003,2.0,1.0,0.0004952947003467063,1.0,4039.0,1.0,1.887379141862766e-15,0.00014716494372980782,Facebook,0.1,9,255
2.0,0.04577600471473582,1.0,0.0,0.5919980193117108,0.14,0.4,2.0,1.0,0.0004952947003467063,1.0,4039.0,1.0,1.887379141862766e-15,0.000571177638475473,Facebook,0.1,9,47
2.0,0.04577600471473582,1.0,0.02,0.5719980193117108,0.08,0.2,2.0,2.0,0.0004952947003467063,1.0,4039.0,1.0,1.887379141862766e-15,-0.0008268705204719506,Facebook,0.1,9,4036
2.0,0.04577600471473582,1.0,0.02,0.5719980193117108,0.26,0.29000000000000004,2.0,2.0,0.0004952947003467063,1.0,4039.0,1.0,1.887379141862766e-15,-0.002542664578664533,Facebook,0.1,9,4034
1.0,0.02288800235736791,0.0,0.0,0.803753404307997,0.1,0.1,4.0,1.0,0.00024764735017335313,0.0,4039.0,1.0,-6.217248937900877e-15,-0.004687689040275236,Facebook,0.2,0,4035
3.0,0.06866400707210372,1.0,0.0,0.803753404307997,0.0,0.04666666666666667,4.0,3.0,0.0007429420505200594,1.0,4039.0,1.0,-6.217248937900877e-15,0.0012712075584418586,Facebook,0.2,0,4033
2.0,0.04577600471473582,1.0,0.0,0.803753404307997,0.0,0.05,4.0,2.0,0.0004952947003467063,1.0,4039.0,1.0,-6.217248937900877e-15,-0.0026373261786955815,Facebook,0.2,0,4029
2.0,0.04577600471473582,1.0,0.0,0.803753404307997,0.02,0.060000000000000005,4.0,2.0,0.0004952947003467063,1.0,4039.0,1.0,-6.217248937900877e-15,0.0007300615483315925,Facebook,0.2,0,4028
1.0,0.02288800235736791,0.0,0.0,0.803753404307997,0.1,0.1,4.0,1.0,0.00024764735017335313,0.0,4039.0,1.0,-6.217248937900877e-15,-0.002695771391105578,Facebook,0.2,0,4024
1.0,0.02288800235736791,0.0,0.0,0.803753404307997,0.1,0.1,4.0,1.0,0.00024764735017335313,0.0,4039.0,1.0,-6.217248937900877e-15,-0.004644103942980801,Facebook,0.2,0,4022
12.0,0.2746560282884149,0.4393939393939394,0.0,0.803753404307997,0.0,0.04,4.0,12.0,0.0029717682020802376,0.4393939393939394,4039.0,1.0,-6.217248937900877e-15,0.0016006034258330831,Facebook,0.2,0,4014
2.0,0.04577600471473582,1.0,0.0,0.803753404307997,0.0,0.05,4.0,2.0,0.0004952947003467063,1.0,4039.0,1.0,-6.217248937900877e-15,-0.005502066169528946,Facebook,0.2,0,4001
9.0,0.2059920212163112,0.5833333333333334,0.0,0.803753404307997,0.0,0.042222222222222223,4.0,9.0,0.002228826151560178,0.5833333333333334,4039.0,1.0,-6.217248937900877e-15,-0.0019848872600832235,Facebook,0.2,0,4000
6.0,0.13732801414420745,0.7333333333333333,0.0,0.803753404307997,0.0,0.04,4.0,6.0,0.0014858841010401188,0.7333333333333333,4039.0,1.0,-6.217248937900877e-15,-0.002017782329148926,Facebook,0.2,0,3985
1.0,0.02288800235736791,0.0,0.0,0.8026590740282248,0.52,0.52,4.0,1.0,0.00024764735017335313,0.0,4039.0,1.0,-5.773159728050814e-15,0.005369997562144915,Facebook,0.2,1,892
4.0,0.09155200942947164,1.0,0.0,0.8026590740282248,0.02,0.060000000000000005,5.0,4.0,0.0009905894006934125,1.0,4039.0,1.0,-5.773159728050814e-15,0.014328354350970587,Facebook,0.2,1,855
2.0,0.04577600471473582,1.0,0.0,0.8026590740282248,0.04,0.09000000000000001,5.0,2.0,0.0004952947003467063,1.0,4039.0,1.0,-5.773159728050814e-15,0.014293166705090829,Facebook,0.2,1,841
12.0,0.2746560282884149,0.5454545454545454,0.0,0.8026590740282248,0.02,0.04833333333333334,5.0,12.0,0.0029717682020802376,0.5454545454545454,4039.0,1.0,-5.773159728050814e-15,0.024087881898702312,Facebook,0.2,1,836
4.0,0.09155200942947164,0.8333333333333334,0.0,0.8026590740282248,0.04,0.07500000000000001,5.0,4.0,0.0009905894006934125,0.8333333333333334,4039.0,1.0,-5.773159728050814e-15,0.021592303120828417,Facebook,0.2,1,832
15.0,0.34332003536051864,0.41904761904761906,0.0,0.8026590740282248,0.0,0.020000000000000004,5.0,15.0,0.003714710252600297,0.41904761904761906,4039.0,1.0,-5.773159728050814e-15,0.023322469453406165,Facebook,0.2,1,822
10.0,0.2288800235736791,0.5333333333333333,0.0,0.8026590740282248,0.0,0.057999999999999996,5.0,10.0,0.0024764735017335313,0.5333333333333333,4039.0,1.0,-5.773159728050814e-15,0.025794640997489134,Facebook,0.2,1,813
8.0,0.18310401885894328,0.7857142857142857,0.0,0.8026590740282248,0.0,0.07,5.0,8.0,0.001981178801386825,0.7857142857142857,4039.0,1.0,-5.773159728050814e-15,0.028743903906458937,Facebook,0.2,1,812
15.0,0.34332003536051864,0.49523809523809526,0.0,0.8026590740282248,0.0,0.018666666666666668,5.0,15.0,0.003714710252600297,0.49523809523809526,4039.0,1.0,-5.773159728050814e-15,0.024585879112179403,Facebook,0.2,1,806
5.0,0.11444001178683955,1.0,0.0,0.8026590740282248,0.0,0.032,5.0,5.0,0.0012382367508667657,1.0,4039.0,1.0,-5.773159728050814e-15,0.02261314059668664,Facebook,0.2,1,802
1.0,0.02288800235736791,0.0,0.08,0.7547214657093341,0.94,0.94,3.0,0.0,0.00024764735017335313,0.0,4039.0,1.0,-6.106226635438361e-15,-0.003270613817826333,Facebook,0.2,2,891
1.0,0.02288800235736791,0.0,0.08,0.7547214657093341,0.98,0.98,2.0,0.0,0.00024764735017335313,0.0,4039.0,1.0,-6.106226635438361e-15,-0.0007817234305212209,Facebook,0.2,2,292
1.0,0.02288800235736791,0.0,0.08,0.7547214657093341,0.98,0.98,2.0,0.0,0.00024764735017335313,0.0,4039.0,1.0,-6.106226635438361e-15,0.00380365646386209,Facebook,0.2,2,209
1.0,0.02288800235736791,0.0,0.1,0.734721465709334,1.0,1.0,3.0,0.0,0.00024764735017335313,0.0,4039.0,1.0,-6.106226635438361e-15,0.0016587556788016447,Facebook,0.2,2,3748
1.0,0.02288800235736791,0.0,0.1,0.734721465709334,1.0,1.0,3.0,0.0,0.00024764735017335313,0.0,4039.0,1.0,-6.106226635438361e-15,-0.0006190983295390404,Facebook,0.2,2,3570
1.0,0.02288800235736791,0.0,0.1,0.734721465709334,1.0,1.0,1.0,0.0,0.00024764735017335313,0.0,4039.0,1.0,-6.106226635438361e-15,-0.000377617707421965,Facebook,0.2,2,1096
1.0,0.02288800235736791,0.0,0.12,0.714721465709334,1.0,1.0,1.0,0.0,0.00024764735017335313,0.0,4039.0,1.0,-6.106226635438361e-15,-0.004598400651827407,Facebook,0.2,2,911
2.0,0.04577600471473582,1.0,0.12,0.714721465709334,0.46,0.72,2.0,1.0,0.0004952947003467063,1.0,4039.0,1.0,-6.106226635438361e-15,0.005222082909017614,Facebook,0.2,2,70
1.0,0.02288800235736791,0.0,0.12,0.714721465709334,0.98,0.98,2.0,0.0,0.00024764735017335313,0.0,4039.0,1.0,-6.106226635438361e-15,0.0005220662786408828,Facebook,0.2,2,12
1.0,0.02288800235736791,0.0,0.14,0.694721465709334,0.82,0.82,2.0,1.0,0.00024764735017335313,0.0,4039.0,1.0,-6.106226635438361e-15,-0.0008350177254805996,Facebook,0.2,2,4035
1.0,0.02288800235736791,0.0,0.08,0.7570883882149048,1.0,1.0,1.0,0.0,0.00024764735017335313,0.0,4039.0,1.0,-6.328271240363392e-15,0.0022627902339415334,Facebook,0.2,3,1560
1.0,0.02288800235736791,0.0,0.08,0.7570883882149048,0.9,0.9,3.0,0.0,0.00024764735017335313,0.0,4039.0,1.0,-6.328271240363392e-15,0.0040166735311156915,Facebook,0.2,3,883
1.0,0.02288800235736791,0.0,0.1,0.7370883882149047,0.84,0.84,2.0,0.0,0.00024764735017335313,0.0,4039.0,1.0,-6.328271240363392e-15,-0.0001145738678976771,Facebook,0.2,3,4015
1.0,0.02288800235736791,0.0,0.1,0.7370883882149047,0.84,0.84,2.0,0.0,0.00024764735017335313,0.0,4039.0,1.0,-6.328271240363392e-15,0.0004980037356742337,Facebook,0.2,3,4008
1.0,0.02288800235736791,0.0,0.1,0.7370883882149047,1.0,1.0,2.0,0.0,0.00024764735017335313,0.0,4039.0,1.0,-6.328271240363392e-15,0.0007153072105034811,Facebook,0.2,3,3183
1.0,0.02288800235736791,0.0,0.1,0.7370883882149047,1.0,1.0,2.0,0.0,0.00024764735017335313,0.0,4039.0,1.0,-6.328271240363392e-15,0.0006978792131998937,Facebook,0.2,3,668
1.0,0.02288800235736791,0.0,0.1,0.7370883882149047,0.94,0.94,2.0,0.0,0.00024764735017335313,0.0,4039.0,1.0,-6.328271240363392e-15,0.0026760439515172707,Facebook,0.2,3,11
2.0,0.04577600471473582,1.0,0.12,0.7170883882149047,0.16,0.5,2.0,1.0,0.0004952947003467063,1.0,4039.0,1.0,-6.328271240363392e-15,0.0003078146036039689,Facebook,0.2,3,3987
1.0,0.02288800235736791,0.0,0.12,0.7170883882149047,1.0,1.0,3.0,0.0,0.00024764735017335313,0.0,4039.0,1.0,-6.328271240363392e-15,0.0033985997259573797,Facebook,0.2,3,3853
1.0,0.02288800235736791,0.0,0.12,0.7170883882149047,1.0,1.0,3.0,0.0,0.00024764735017335313,0.0,4039.0,1.0,-6.328271240363392e-15,-0.00072497153741366,Facebook,0.2,3,3451
1.0,0.02288800235736791,0.0,0.06,0.7841891557316167,0.96,0.96,2.0,0.0,0.00024764735017335313,0.0,4039.0,1.0,-5.662137425588298e-15,-0.0006811463448019583,Facebook,0.2,4,335
1.0,0.02288800235736791,0.0,0.08,0.7641891557316167,0.86,0.86,2.0,0.0,0.00024764735017335313,0.0,4039.0,1.0,-5.662137425588298e-15,-0.001630481316694292,Facebook,0.2,4,4035
1.0,0.02288800235736791,0.0,0.08,0.7641891557316167,0.86,0.86,2.0,0.0,0.00024764735017335313,0.0,4039.0,1.0,-5.662137425588298e-15,0.0014701427116806942,Facebook,0.2,4,4010
1.0,0.02288800235736791,0.0,0.08,0.7641891557316167,1.0,1.0,2.0,0.0,0.00024764735017335313,0.0,4039.0,1.0,-5.662137425588298e-15,-0.0011133088436273211,Facebook,0.2,4,613
1.0,0.02288800235736791,0.0,0.08,0.7641891557316167,1.0,1.0,2.0,0.0,0.00024764735017335313,0.0,4039.0,1.0,-5.662137425588298e-15,0.0022169064789875834,Facebook,0.2,4,550
1.0,0.02288800235736791,0.0,0.08,0.7641891557316167,0.96,0.96,2.0,0.0,0.00024764735017335313,0.0,4039.0,1.0,-5.662137425588298e-15,0.0006641661233034862,Facebook,0.2,4,292
2.0,0.04577600471473582,1.0,0.08,0.7641891557316167,0.22,0.59,2.0,1.0,0.0004952947003467063,1.0,4039.0,1.0,-5.662137425588298e-15,-0.0019199382401873868,Facebook,0.2,4,47
1.0,0.02288800235736791,0.0,0.1,0.7441891557316167,1.0,1.0,3.0,0.0,0.00024764735017335313,0.0,4039.0,1.0,-5.662137425588298e-15,0.0026551545310175492,Facebook,0.2,4,3709
1.0,0.02288800235736791,0.0,0.1,0.7441891557316167,0.96,0.96,2.0,0.0,0.00024764735017335313,0.0,4039.0,1.0,-5.662137425588298e-15,-0.0030398338163784497,Facebook,0.2,4,801
2.0,0.04577600471473582,1.0,0.1,0.7441891557316167,0.24,0.6,2.0,1.0,0.0004952947003467063,1.0,4039.0,1.0,-5.662137425588298e-15,0.0014465570737304326,Facebook,0.2,4,255
1.0,0.02288800235736791,0.0,0.06,0.7830750185689526,0.9,0.9,2.0,0.0,0.00024764735017335313,0.0,4039.0,1.0,-4.773959005888173e-15,0.0015771883457899732,Facebook,0.2,5,892
1.0,0.02288800235736791,0.0,0.08,0.7630750185689527,0.84,0.84,2.0,1.0,0.00024764735017335313,0.0,4039.0,1.0,-4.773959005888173e-15,-0.00017464389202061226,Facebook,0.2,5,4024
1.0,0.02288800235736791,0.0,0.08,0.7630750185689527,0.84,0.84,2.0,1.0,0.00024764735017335313,0.0,4039.0,1.0,-4.773959005888173e-15,-0.002337971551328491,Facebook,0.2,5,4015
1.0,0.02288800235736791,0.0,0.1,0.7430750185689526,0.84,0.84,2.0,1.0,0.00024764735017335313,0.0,4039.0,1.0,-4.773959005888173e-15,0.00016323902117758304,Facebook,0.2,5,4022
1.0,0.02288800235736791,0.0,0.1,0.7430750185689526,1.0,1.0,1.0,0.0,0.00024764735017335313,0.0,4039.0,1.0,-4.773959005888173e-15,-0.000296804301168338,Facebook,0.2,5,1560
1.0,0.02288800235736791,0.0,0.1,0.7430750185689526,1.0,1.0,1.0,0.0,0.00024764735017335313,0.0,4039.0,1.0,-4.773959005888173e-15,0.0017557716448827962,Facebook,0.2,5,1386
1.0,0.02288800235736791,0.0,0.1,0.7430750185689526,0.9,0.9,2.0,0.0,0.00024764735017335313,0.0,4039.0,1.0,-4.773959005888173e-15,0.000980299960995544,Facebook,0.2,5,875
2.0,0.04577600471473582,1.0,0.1,0.7430750185689526,0.18,0.55,2.0,1.0,0.0004952947003467063,1.0,4039.0,1.0,-4.773959005888173e-15,0.00029153833804486384,Facebook,0.2,5,42
1.0,0.02288800235736791,0.0,0.12,0.7230750185689526,1.0,1.0,2.0,0.0,0.00024764735017335313,0.0,4039.0,1.0,-4.773959005888173e-15,0.0035525123975382114,Facebook,0.2,5,674
2.0,0.04577600471473582,1.0,0.12,0.7230750185689526,0.24,0.5800000000000001,2.0,1.0,0.0004952947003467063,1.0,4039.0,1.0,-4.773959005888173e-15,0.0035894389690613107,Facebook,0.2,5,282
1.0,0.02288800235736791,0.0,0.1,0.7491903936617975,1.0,1.0,2.0,0.0,0.00024764735017335313,0.0,4039.0,1.0,-3.6637359812630166e-15,-0.0009122827132168471,Facebook,0.2,6,3856
1.0,0.02288800235736791,0.0,0.1,0.7491903936617975,1.0,1.0,2.0,0.0,0.00024764735017335313,0.0,4039.0,1.0,-3.6637359812630166e-15,0.0003756863524434703,Facebook,0.2,6,3453
1.0,0.02288800235736791,0.0,0.1,0.7491903936617975,0.9,0.9,2.0,0.0,0.00024764735017335313,0.0,4039.0,1.0,-3.6637359812630166e-15,0.001993488468859661,Facebook,0.2,6,891
1.0,0.02288800235736791,0.0,0.12,0.7291903936617975,0.86,0.86,2.0,0.0,0.00024764735017335313,0.0,4039.0,1.0,-3.6637359812630166e-15,0.0016650207150252783,Facebook,0.2,6,3984
1.0,0.02288800235736791,0.0,0.12,0.7291903936617975,1.0,1.0,2.0,0.0,0.00024764735017335313,0.0,4039.0,1.0,-3.6637359812630166e-15,0.0003883580497429026,Facebook,0.2,6,3974
1.0,0.02288800235736791,0.0,0.12,0.7291903936617975,1.0,1.0,2.0,0.0,0.00024764735017335313,0.0,4039.0,1.0,-3.6637359812630166e-15,0.0035712481689268577,Facebook,0.2,6,3935
2.0,0.04577600471473582,1.0,0.12,0.7291903936617975,0.38,0.69,2.0,1.0,0.0004952947003467063,1.0,4039.0,1.0,-3.6637359812630166e-15,0.003729781253231597,Facebook,0.2,6,3807
1.0,0.02288800235736791,0.0,0.12,0.7291903936617975,1.0,1.0,2.0,0.0,0.00024764735017335313,0.0,4039.0,1.0,-3.6637359812630166e-15,0.0009328452882734484,Facebook,0.2,6,3729
1.0,0.02288800235736791,0.0,0.12,0.7291903936617975,1.0,1.0,2.0,0.0,0.00024764735017335313,0.0,4039.0,1.0,-3.6637359812630166e-15,0.0022972302300649852,Facebook,0.2,6,3451
2.0,0.04577600471473582,1.0,0.12,0.7291903936617975,0.2,0.6,2.0,1.0,0.0004952947003467063,1.0,4039.0,1.0,-3.6637359812630166e-15,-0.0014809083091259154,Facebook,0.2,6,3268
1.0,0.02288800235736791,0.0,0.08,0.7764991334488736,0.9,0.9,2.0,0.0,0.00024764735017335313,0.0,4039.0,1.0,-1.0547118733938987e-14,0.0005120461241935395,Facebook,0.2,7,4008
1.0,0.02288800235736791,0.0,0.08,0.7764991334488736,1.0,1.0,2.0,0.0,0.00024764735017335313,0.0,4039.0,1.0,-1.0547118733938987e-14,-0.0009636047546081605,Facebook,0.2,7,3820
1.0,0.02288800235736791,0.0,0.08,0.7764991334488736,0.98,0.98,2.0,0.0,0.00024764735017335313,0.0,4039.0,1.0,-1.0547118733938987e-14,0.0018975097282799905,Facebook,0.2,7,43
2.0,0.04577600471473582,1.0,0.1,0.7564991334488735,0.18,0.54,2.0,1.0,0.0004952947003467063,1.0,4039.0,1.0,-1.0547118733938987e-14,-0.0005108222069288432,Facebook,0.2,7,4029
1.0,0.02288800235736791,0.0,0.1,0.7564991334488735,0.9,0.9,2.0,0.0,0.00024764735017335313,0.0,4039.0,1.0,-1.0547118733938987e-14,0.00039442619407545343,Facebook,0.2,7,4010
1.0,0.02288800235736791,0.0,0.1,0.7564991334488735,0.86,0.86,2.0,0.0,0.00024764735017335313,0.0,4039.0,1.0,-1.0547118733938987e-14,-0.0003685418003875479,Facebook,0.2,7,801
1.0,0.02288800235736791,0.0,0.1,0.7564991334488735,1.0,1.0,2.0,0.0,0.00024764735017335313,0.0,4039.0,1.0,-1.0547118733938987e-14,-0.000331691288471693,Facebook,0.2,7,613
1.0,0.02288800235736791,0.0,0.1,0.7564991334488735,0.98,0.98,2.0,0.0,0.00024764735017335313,0.0,4039.0,1.0,-1.0547118733938987e-14,0.0013147723535587436,Facebook,0.2,7,287
1.0,0.02288800235736791,0.0,0.1,0.7564991334488735,0.98,0.98,2.0,0.0,0.00024764735017335313,0.0,4039.0,1.0,-1.0547118733938987e-14,-0.0006068550866486777,Facebook,0.2,7,210
2.0,0.04577600471473582,1.0,0.1,0.7564991334488735,0.32,0.65,2.0,1.0,0.0004952947003467063,1.0,4039.0,1.0,-1.0547118733938987e-14,0.00026650251653214524,Facebook,0.2,7,154
1.0,0.02288800235736791,0.0,0.06,0.7972022777915324,1.0,1.0,3.0,0.0,0.00024764735017335313,0.0,4039.0,1.0,-8.770761894538737e-15,0.00038243618897478016,Facebook,0.2,8,2195
1.0,0.02288800235736791,0.0,0.08,0.7772022777915325,0.84,0.84,2.0,1.0,0.00024764735017335313,0.0,4039.0,1.0,-8.770761894538737e-15,0.000802879280322133,Facebook,0.2,8,801
1.0,0.02288800235736791,0.0,0.1,0.7572022777915325,0.84,0.84,2.0,1.0,0.00024764735017335313,0.0,4039.0,1.0,-8.770761894538737e-15,-0.0016565398971809878,Facebook,0.2,8,4035
2.0,0.04577600471473582,1.0,0.1,0.7572022777915325,0.16,0.5,2.0,2.0,0.0004952947003467063,1.0,4039.0,1.0,-8.770761894538737e-15,0.0011868349450740862,Facebook,0.2,8,4029
1.0,0.02288800235736791,0.0,0.1,0.7572022777915325,1.0,1.0,2.0,0.0,0.00024764735017335313,0.0,4039.0,1.0,-8.770761894538737e-15,0.00033654051752531056,Facebook,0.2,8,3820
1.0,0.02288800235736791,0.0,0.1,0.7572022777915325,1.0,1.0,3.0,0.0,0.00024764735017335313,0.0,4039.0,1.0,-8.770761894538737e-15,-0.00019639046653386477,Facebook,0.2,8,2457
1.0,0.02288800235736791,0.0,0.1,0.7572022777915325,1.0,1.0,1.0,0.0,0.00024764735017335313,0.0,4039.0,1.0,-8.770761894538737e-15,-1.2175912238683584e-05,Facebook,0.2,8,1560
1.0,0.02288800235736791,0.0,0.12,0.7372022777915325,0.84,0.84,2.0,1.0,0.00024764735017335313,0.0,4039.0,1.0,-8.770761894538737e-15,0.0006838368246805879,Facebook,0.2,8,4015
1.0,0.02288800235736791,0.0,0.12,0.7372022777915325,0.84,0.84,2.0,1.0,0.00024764735017335313,0.0,4039.0,1.0,-8.770761894538737e-15,0.0021052561736978823,Facebook,0.2,8,892
2.0,0.04577600471473582,1.0,0.12,0.7372022777915325,0.32,0.58,2.0,2.0,0.0004952947003467063,1.0,4039.0,1.0,-8.770761894538737e-15,0.0035048589204010536,Facebook,0.2,8,749
1.0,0.02288800235736791,0.0,0.1,0.7549740034662045,0.84,0.84,2.0,1.0,0.00024764735017335313,0.0,4039.0,1.0,-6.772360450213455e-15,0.0020243630789453723,Facebook,0.2,9,4022
1.0,0.02288800235736791,0.0,0.1,0.7549740034662045,1.0,1.0,2.0,0.0,0.00024764735017335313,0.0,4039.0,1.0,-6.772360450213455e-15,-0.0010315916962377394,Facebook,0.2,9,3071
1.0,0.02288800235736791,0.0,0.1,0.7549740034662045,1.0,1.0,3.0,0.0,0.00024764735017335313,0.0,4039.0,1.0,-6.772360450213455e-15,0.0008830791586929634,Facebook,0.2,9,2457
1.0,0.02288800235736791,0.0,0.1,0.7549740034662045,0.94,0.94,2.0,0.0,0.00024764735017335313,0.0,4039.0,1.0,-6.772360450213455e-15,0.0010753606900680696,Facebook,0.2,9,892
1.0,0.02288800235736791,0.0,0.1,0.7549740034662045,0.96,0.96,2.0,0.0,0.00024764735017335313,0.0,4039.0,1.0,-6.772360450213455e-15,0.0014292060187374583,Facebook,0.2,9,11
1.0,0.02288800235736791,0.0,0.12,0.7349740034662045,1.0,1.0,2.0,0.0,0.00024764735017335313,0.0,4039.0,1.0,-6.772360450213455e-15,0.002477185152120129,Facebook,0.2,9,3856
1.0,0.02288800235736791,0.0,0.12,0.7349740034662045,1.0,1.0,3.0,0.0,0.00024764735017335313,0.0,4039.0,1.0,-6.772360450213455e-15,0.0017407140003681612,Facebook,0.2,9,2269
1.0,0.02288800235736791,0.0,0.12,0.7349740034662045,1.0,1.0,1.0,0.0,0.00024764735017335313,0.0,4039.0,1.0,-6.772360450213455e-15,0.0017975687774576601,Facebook,0.2,9,1834
1.0,0.02288800235736791,0.0,0.12,0.7349740034662045,1.0,1.0,1.0,0.0,0.00024764735017335313,0.0,4039.0,1.0,-6.772360450213455e-15,0.00041036129478118355,Facebook,0.2,9,1581
1.0,0.02288800235736791,0.0,0.12,0.7349740034662045,1.0,1.0,2.0,0.0,0.00024764735017335313,0.0,4039.0,1.0,-6.772360450213455e-15,0.0018685952591105184,Facebook,0.2,9,674
1.0,0.02747328223302838,0.0,0.0,0.6193099999999999,0.08,0.08,4.0,1.0,0.0005002501250625312,0.0,1999.0,1.0,0.22895,-0.00037659519999999613,HICHBA_h0.2,0.1,0,1967
1.0,0.02747328223302838,0.0,0.0,0.6193099999999999,0.22,0.22,3.0,1.0,0.0005002501250625312,0.0,1999.0,1.0,0.22895,0.00015008390000000038,HICHBA_h0.2,0.1,0,1903
1.0,0.02747328223302838,0.0,0.0,0.6193099999999999,0.9,0.9,3.0,0.0,0.0005002501250625312,0.0,1999.0,1.0,0.22895,0.0006314263000000014,HICHBA_h0.2,0.1,0,1894
1.0,0.02747328223302838,0.0,0.02,0.5993099999999999,1.0,1.0,2.0,0.0,0.0005002501250625312,0.0,1999.0,1.0,0.22895,-1.4627700000005572e-05,HICHBA_h0.2,0.1,0,1994
1.0,0.02747328223302838,0.0,0.02,0.5993099999999999,0.92,0.92,2.0,0.0,0.0005002501250625312,0.0,1999.0,1.0,0.22895,0.0004541799999999985,HICHBA_h0.2,0.1,0,1992
1.0,0.02747328223302838,0.0,0.02,0.5993099999999999,0.24,0.24,3.0,1.0,0.0005002501250625312,0.0,1999.0,1.0,0.22895,-0.0003631864999999873,HICHBA_h0.2,0.1,0,1961
1.0,0.02747328223302838,0.0,0.02,0.5993099999999999,0.98,0.98,2.0,0.0,0.0005002501250625312,0.0,1999.0,1.0,0.22895,0.0006274423000000029,HICHBA_h0.2,0.1,0,1813
1.0,0.02747328223302838,0.0,0.02,0.5993099999999999,0.44,0.44,3.0,1.0,0.0005002501250625312,0.0,1999.0,1.0,0.22895,0.0006554235000000019,HICHBA_h0.2,0.1,0,1799
1.0,0.02747328223302838,0.0,0.02,0.5993099999999999,1.0,1.0,2.0,0.0,0.0005002501250625312,0.0,1999.0,0.0,0.22895,0.00041569280000000597,HICHBA_h0.2,0.1,0,1781
1.0,0.02747328223302838,0.0,0.02,0.5993099999999999,1.0,1.0,2.0,0.0,0.0005002501250625312,0.0,1999.0,1.0,0.22895,0.0006529915000000053,HICHBA_h0.2,0.1,0,1679
1.0,0.02747328223302838,0.0,0.0,0.6186900000000001,0.8,0.8,3.0,0.0,0.0005002501250625312,0.0,1999.0,1.0,-0.11895000000000044,0.00028018640000000705,HICHBA_h0.2,0.1,1,1831
1.0,0.02747328223302838,0.0,0.0,0.6186900000000001,1.0,1.0,2.0,0.0,0.0005002501250625312,0.0,1999.0,0.0,-0.10835000000000039,-7.338399999999579e-05,HICHBA_h0.2,0.1,1,1741
1.0,0.02747328223302838,0.0,0.0,0.6186900000000001,0.34,0.34,3.0,1.0,0.0005002501250625312,0.0,1999.0,1.0,0.22485000000000055,0.00017537390000001152,HICHBA_h0.2,0.1,1,1545
1.0,0.02747328223302838,0.0,0.02,0.59869,0.84,0.84,2.0,0.0,0.0005002501250625312,0.0,1999.0,1.0,0.22485000000000055,0.0008966840000000087,HICHBA_h0.2,0.1,1,1992
1.0,0.02747328223302838,0.0,0.02,0.59869,1.0,1.0,2.0,0.0,0.0005002501250625312,0.0,1999.0,1.0,0.22485000000000055,0.0011239880000000063,HICHBA_h0.2,0.1,1,1972
1.0,0.02747328223302838,0.0,0.02,0.59869,0.06,0.06,4.0,1.0,0.0005002501250625312,0.0,1999.0,1.0,0.22485000000000055,0.0015021840000000175,HICHBA_h0.2,0.1,1,1967
1.0,0.02747328223302838,0.0,0.02,0.59869,0.2,0.2,3.0,1.0,0.0005002501250625312,0.0,1999.0,1.0,0.22485000000000055,-0.000300066099999996,HICHBA_h0.2,0.1,1,1961
2.0,0.05494656446605676,1.0,0.02,0.59869,0.36,0.62,3.0,1.0,0.0010005002501250625,1.0,1999.0,0.5,0.22485000000000055,0.0016391128000000088,HICHBA_h0.2,0.1,1,1949
1.0,0.02747328223302838,0.0,0.02,0.59869,0.28,0.28,3.0,1.0,0.0005002501250625312,0.0,1999.0,1.0,0.22485000000000055,-0.0010434484999999882,HICHBA_h0.2,0.1,1,1903
1.0,0.02747328223302838,0.0,0.02,0.59869,1.0,1.0,1.0,0.0,0.0005002501250625312,0.0,1999.0,1.0,0.002449999999999619,0.00023663200000001439,HICHBA_h0.2,0.1,1,1801
1.0,0.02747328223302838,0.0,0.0,0.61997,0.04,0.04,4.0,1.0,0.0005002501250625312,0.0,1999.0,1.0,0.22549000000000002,1.0539999999989447e-05,HICHBA_h0.2,0.1,2,1967
2.0,0.05494656446605676,0.0,0.0,0.61997,0.5,0.75,1.0,1.0,0.0010005002501250625,0.0,1999.0,0.5,0.0009699999999995823,-0.0008483479999999988,HICHBA_h0.2,0.1,2,1965
1.0,0.02747328223302838,0.0,0.0,0.61997,0.5,0.5,3.0,1.0,0.0005002501250625312,0.0,1999.0,1.0,-0.11750999999999956,-0.0012110645000000114,HICHBA_h0.2,0.1,2,1962
1.0,0.02747328223302838,0.0,0.0,0.61997,0.2,0.2,3.0,1.0,0.0005002501250625312,0.0,1999.0,1.0,0.22549000000000002,-0.0004197909000000083,HICHBA_h0.2,0.1,2,1961
2.0,0.05494656446605676,0.0,0.0,0.61997,0.12,0.16,3.0,2.0,0.0010005002501250625,0.0,1999.0,1.0,0.22549000000000002,0.0010245334999999939,HICHBA_h0.2,0.1,2,1854
1.0,0.02747328223302838,0.0,0.0,0.61997,1.0,1.0,2.0,0.0,0.0005002501250625312,0.0,1999.0,1.0,0.0009699999999995823,-0.000858920000000013,HICHBA_h0.2,0.1,2,1803
1.0,0.02747328223302838,0.0,0.0,0.61997,0.24,0.24,3.0,1.0,0.0005002501250625312,0.0,1999.0,1.0,0.22549000000000002,-0.00041974330000001114,HICHBA_h0.2,0.1,2,1545
1.0,0.02747328223302838,0.0,0.02,0.59997,0.24,0.24,3.0,1.0,0.0005002501250625312,0.0,1999.0,1.0,0.22549000000000002,-0.0009665945000000148,HICHBA_h0.2,0.1,2,1903
1.0,0.02747328223302838,0.0,0.02,0.59997,1.0,1.0,2.0,0.0,0.0005002501250625312,0.0,1999.0,1.0,-0.10894999999999899,-0.0006149608000000084,HICHBA_h0.2,0.1,2,1902
2.0,0.05494656446605676,1.0,0.02,0.59997,0.2,0.6,2.0,1.0,0.0010005002501250625,1.0,1999.0,1.0,-0.10894999999999899,-0.0007116688000000093,HICHBA_h0.2,0.1,2,1598
1.0,0.02747328223302838,0.0,0.0,0.62206,0.06,0.06,3.0,1.0,0.0005002501250625312,0.0,1999.0,1.0,0.22558,0.0005235019999999951,HICHBA_h0.2,0.1,3,1969
1.0,0.02747328223302838,0.0,0.0,0.62206,0.06,0.06,3.0,1.0,0.0005002501250625312,0.0,1999.0,1.0,0.22558,0.001347422000000001,HICHBA_h0.2,0.1,3,1961
1.0,0.02747328223302838,0.0,0.0,0.62206,1.0,1.0,2.0,0.0,0.0005002501250625312,0.0,1999.0,1.0,-0.10965999999999854,0.0009050747999999886,HICHBA_h0.2,0.1,3,1905
1.0,0.02747328223302838,0.0,0.0,0.62206,0.98,0.98,2.0,0.0,0.0005002501250625312,0.0,1999.0,1.0,0.22558,-8.900000000033881e-07,HICHBA_h0.2,0.1,3,1844
1.0,0.02747328223302838,0.0,0.02,0.6020599999999999,0.68,0.68,3.0,0.0,0.0005002501250625312,0.0,1999.0,1.0,0.22558,0.00040720530000000477,HICHBA_h0.2,0.1,3,1995
1.0,0.02747328223302838,0.0,0.02,0.6020599999999999,1.0,1.0,2.0,0.0,0.0005002501250625312,0.0,1999.0,1.0,0.22558,0.0009831163999999976,HICHBA_h0.2,0.1,3,1985
1.0,0.02747328223302838,0.0,0.02,0.6020599999999999,1.0,1.0,2.0,0.0,0.0005002501250625312,0.0,1999.0,1.0,0.22558,0.00025612480000000715,HICHBA_h0.2,0.1,3,1971
1.0,0.02747328223302838,0.0,0.02,0.6020599999999999,0.2,0.2,4.0,1.0,0.0005002501250625312,0.0,1999.0,1.0,0.22558,0.001916765299999998,HICHBA_h0.2,0.1,3,1967
1.0,0.02747328223302838,0.0,0.02,0.6020599999999999,0.94,0.94,3.0,0.0,0.0005002501250625312,0.0,1999.0,1.0,0.22558,0.0010341124999999896,HICHBA_h0.2,0.1,3,1957
1.0,0.02747328223302838,0.0,0.02,0.6020599999999999,0.96,0.96,2.0,0.0,0.0005002501250625312,0.0,1999.0,1.0,0.22558,0.0005107199999999923,HICHBA_h0.2,0.1,3,1932
1.0,0.02747328223302838,0.0,0.0,0.61817,0.88,0.88,3.0,0.0,0.0005002501250625312,0.0,1999.0,1.0,0.22385000000000022,0.0003501635000000003,HICHBA_h0.2,0.1,4,1780
1.0,0.02747328223302838,0.0,0.02,0.59817,0.94,0.94,2.0,0.0,0.0005002501250625312,0.0,1999.0,1.0,0.22385000000000022,0.0016984611000000066,HICHBA_h0.2,0.1,4,1990
1.0,0.02747328223302838,0.0,0.02,0.59817,1.0,1.0,2.0,0.0,0.0005002501250625312,0.0,1999.0,1.0,0.22385000000000022,0.0009602911000000103,HICHBA_h0.2,0.1,4,1983
1.0,0.02747328223302838,0.0,0.02,0.59817,1.0,1.0,2.0,0.0,0.0005002501250625312,0.0,1999.0,1.0,-0.11046999999999962,0.0009519075000000016,HICHBA_h0.2,0.1,4,1980
1.0,0.02747328223302838,0.0,0.02,0.59817,1.0,1.0,2.0,0.0,0.0005002501250625312,0.0,1999.0,1.0,0.22385000000000022,0.001247611100000004,HICHBA_h0.2,0.1,4,1978
1.0,0.02747328223302838,0.0,0.02,0.59817,0.34,0.34,3.0,1.0,0.0005002501250625312,0.0,1999.0,1.0,0.22385000000000022,0.0016735719999999982,HICHBA_h0.2,0.1,4,1970
1.0,0.02747328223302838,0.0,0.02,0.59817,0.22,0.22,3.0,1.0,0.0005002501250625312,0.0,1999.0,1.0,0.22385000000000022,0.0010000195000000045,HICHBA_h0.2,0.1,4,1969
1.0,0.02747328223302838,0.0,0.02,0.59817,0.48,0.48,3.0,1.0,0.0005002501250625312,0.0,1999.0,1.0,-0.11758999999999975,0.0006957315000000047,HICHBA_h0.2,0.1,4,1962
1.0,0.02747328223302838,0.0,0.02,0.59817,0.18,0.18,3.0,1.0,0.0005002501250625312,0.0,1999.0,1.0,0.22385000000000022,0.0014892335000000062,HICHBA_h0.2,0.1,4,1961
1.0,0.02747328223302838,0.0,0.02,0.59817,1.0,1.0,2.0,0.0,0.0005002501250625312,0.0,1999.0,0.0,0.22385000000000022,0.0015775392000000055,HICHBA_h0.2,0.1,4,1959
1.0,0.02747328223302838,0.0,0.0,0.62179,0.98,0.98,2.0,0.0,0.0005002501250625312,0.0,1999.0,1.0,0.21679000000000037,0.0008008023000000003,HICHBA_h0.2,0.1,5,1898
1.0,0.02747328223302838,0.0,0.0,0.62179,1.0,1.0,2.0,0.0,0.0005002501250625312,0.0,1999.0,1.0,0.21679000000000037,-0.00046903519999998144,HICHBA_h0.2,0.1,5,1897
1.0,0.02747328223302838,0.0,0.0,0.62179,0.5,0.5,3.0,1.0,0.0005002501250625312,0.0,1999.0,1.0,0.21679000000000037,0.00011200800000001065,HICHBA_h0.2,0.1,5,1791
1.0,0.02747328223302838,0.0,0.0,0.62179,0.28,0.28,3.0,1.0,0.0005002501250625312,0.0,1999.0,1.0,0.21679000000000037,0.0002905463000000136,HICHBA_h0.2,0.1,5,1545
1.0,0.02747328223302838,0.0,0.02,0.6017899999999999,0.92,0.92,2.0,0.0,0.0005002501250625312,0.0,1999.0,1.0,-0.11565000000000081,0.0003672808000000083,HICHBA_h0.2,0.1,5,1987
1.0,0.02747328223302838,0.0,0.02,0.6017899999999999,1.0,1.0,2.0,0.0,0.0005002501250625312,0.0,1999.0,1.0,0.21679000000000037,0.0007704607999999974,HICHBA_h0.2,0.1,5,1973
1.0,0.02747328223302838,0.0,0.02,0.6017899999999999,0.2,0.2,3.0,1.0,0.0005002501250625312,0.0,1999.0,1.0,0.21679000000000037,0.0010551755000000052,HICHBA_h0.2,0.1,5,1969
1.0,0.02747328223302838,0.0,0.02,0.6017899999999999,0.18,0.18,3.0,1.0,0.0005002501250625312,0.0,1999.0,1.0,0.21679000000000037,0.0002832088000000038,HICHBA_h0.2,0.1,5,1961
1.0,0.02747328223302838,0.0,0.02,0.6017899999999999,1.0,1.0,1.0,0.0,0.0005002501250625312,0.0,1999.0,1.0,0.005389999999999562,0.00019162150000000266,HICHBA_h0.2,0.1,5,1937
1.0,0.02747328223302838,0.0,0.02,0.6017899999999999,0.58,0.58,3.0,1.0,0.0005002501250625312,0.0,1999.0,1.0,0.21679000000000037,-0.00039283599999999363,HICHBA_h0.2,0.1,5,1916
1.0,0.02747328223302838,0.0,0.0,0.62421,0.38,0.38,3.0,1.0,0.0005002501250625312,0.0,1999.0,1.0,0.22144999999999992,-0.0009536080000000086,HICHBA_h0.2,0.1,6,1970
1.0,0.02747328223302838,0.0,0.0,0.62421,0.14,0.14,3.0,1.0,0.0005002501250625312,0.0,1999.0,1.0,0.22144999999999992,0.0006369115000000036,HICHBA_h0.2,0.1,6,1961
1.0,0.02747328223302838,0.0,0.02,0.60421,0.46,0.46,3.0,1.0,0.0005002501250625312,0.0,1999.0,1.0,0.22144999999999992,0.0005745168000000078,HICHBA_h0.2,0.1,6,1791
1.0,0.02747328223302838,0.0,0.02,0.60421,1.0,1.0,2.0,0.0,0.0005002501250625312,0.0,1999.0,1.0,-0.11010999999999893,0.0005807999999999924,HICHBA_h0.2,0.1,6,1751
1.0,0.02747328223302838,0.0,0.02,0.60421,1.0,1.0,2.0,0.0,0.0005002501250625312,0.0,1999.0,0.0,-0.11546999999999996,0.0003860160000000029,HICHBA_h0.2,0.1,6,1745
1.0,0.02747328223302838,0.0,0.02,0.60421,1.0,1.0,2.0,0.0,0.0005002501250625312,0.0,1999.0,1.0,0.22144999999999992,0.00026623589999999475,HICHBA_h0.2,0.1,6,1733
3.0,0.08241984669908514,0.3333333333333333,0.02,0.60421,0.1,0.4666666666666666,2.0,2.0,0.0015007503751875938,0.3333333333333333,1999.0,1.0,0.22144999999999992,-0.0007992824999999981,HICHBA_h0.2,0.1,6,1615
1.0,0.02747328223302838,0.0,0.02,0.60421,0.26,0.26,3.0,1.0,0.0005002501250625312,0.0,1999.0,1.0,0.22144999999999992,0.0005712359000000083,HICHBA_h0.2,0.1,6,1545
1.0,0.02747328223302838,0.0,0.04,0.58421,1.0,1.0,2.0,0.0,0.0005002501250625312,0.0,1999.0,1.0,0.22144999999999992,0.0010126527999999996,HICHBA_h0.2,0.1,6,1994
1.0,0.02747328223302838,0.0,0.04,0.58421,0.8,0.8,3.0,0.0,0.0005002501250625312,0.0,1999.0,1.0,0.22144999999999992,0.0008771560000000039,HICHBA_h0.2,0.1,6,1989
1.0,0.02747328223302838,0.0,0.0,0.62499,0.16,0.16,3.0,1.0,0.0005002501250625312,0.0,1999.0,1.0,0.21807000000000049,-0.0006596640000000042,HICHBA_h0.2,0.1,7,1903
1.0,0.02747328223302838,0.0,0.0,0.62499,0.72,0.72,3.0,0.0,0.0005002501250625312,0.0,1999.0,1.0,0.21807000000000049,-0.0006027351999999958,HICHBA_h0.2,0.1,7,1815
1.0,0.02747328223302838,0.0,0.0,0.62499,1.0,1.0,2.0,0.0,0.0005002501250625312,0.0,1999.0,0.0,-0.10521000000000047,-0.0005298165000000021,HICHBA_h0.2,0.1,7,1456
1.0,0.02747328223302838,0.0,0.02,0.60499,0.68,0.68,3.0,0.0,0.0005002501250625312,0.0,1999.0,1.0,0.21807000000000049,-0.00012567520000000831,HICHBA_h0.2,0.1,7,1995
1.0,0.02747328223302838,0.0,0.02,0.60499,1.0,1.0,2.0,0.0,0.0005002501250625312,0.0,1999.0,1.0,0.21807000000000049,-0.0011313497000000061,HICHBA_h0.2,0.1,7,1976
1.0,0.02747328223302838,0.0,0.02,0.60499,0.38,0.38,3.0,1.0,0.0005002501250625312,0.0,1999.0,1.0,0.21807000000000049,-0.000700477599999999,HICHBA_h0.2,0.1,7,1970
1.0,0.02747328223302838,0.0,0.02,0.60499,0.1,0.1,3.0,1.0,0.0005002501250625312,0.0,1999.0,1.0,0.21807000000000049,0.00035301679999999447,HICHBA_h0.2,0.1,7,1961
1.0,0.02747328223302838,0.0,0.02,0.60499,1.0,1.0,2.0,0.0,0.0005002501250625312,0.0,1999.0,1.0,-0.11868999999999985,-7.040799999999403e-05,HICHBA_h0.2,0.1,7,1857
1.0,0.02747328223302838,0.0,0.02,0.60499,1.0,1.0,2.0,0.0,0.0005002501250625312,0.0,1999.0,1.0,0.21807000000000049,0.00012352799999999775,HICHBA_h0.2,0.1,7,1844
1.0,0.02747328223302838,0.0,0.02,0.60499,1.0,1.0,2.0,0.0,0.0005002501250625312,0.0,1999.0,0.0,0.21807000000000049,-0.0007242165000000134,HICHBA_h0.2,0.1,7,1671
1.0,0.02747328223302838,0.0,0.0,0.62364,0.84,0.84,3.0,0.0,0.0005002501250625312,0.0,1999.0,1.0,0.21399999999999997,-0.0006465766999999845,HICHBA_h0.2,0.1,8,1996
1.0,0.02747328223302838,0.0,0.0,0.62364,1.0,1.0,2.0,0.0,0.0005002501250625312,0.0,1999.0,0.0,-0.11519999999999997,0.00018954399999999982,HICHBA_h0.2,0.1,8,1948
1.0,0.02747328223302838,0.0,0.0,0.62364,0.54,0.54,3.0,1.0,0.0005002501250625312,0.0,1999.0,1.0,0.21399999999999997,0.0009637833000000068,HICHBA_h0.2,0.1,8,1852
1.0,0.02747328223302838,0.0,0.0,0.62364,0.26,0.26,3.0,1.0,0.0005002501250625312,0.0,1999.0,1.0,0.21399999999999997,-0.0002880492000000012,HICHBA_h0.2,0.1,8,1545
1.0,0.02747328223302838,0.0,0.02,0.60364,0.98,0.98,2.0,0.0,0.0005002501250625312,0.0,1999.0,1.0,0.21399999999999997,-0.00018718949999999013,HICHBA_h0.2,0.1,8,1979
1.0,0.02747328223302838,0.0,0.02,0.60364,0.24,0.24,3.0,1.0,0.0005002501250625312,0.0,1999.0,1.0,0.21399999999999997,0.0005955304999999966,HICHBA_h0.2,0.1,8,1903
1.0,0.02747328223302838,0.0,0.02,0.60364,0.98,0.98,2.0,0.0,0.0005002501250625312,0.0,1999.0,1.0,0.21399999999999997,0.0003051473000000027,HICHBA_h0.2,0.1,8,1813
1.0,0.02747328223302838,0.0,0.02,0.60364,0.4,0.4,3.0,1.0,0.0005002501250625312,0.0,1999.0,1.0,0.21399999999999997,0.0011706799999999934,HICHBA_h0.2,0.1,8,1791
1.0,0.02747328223302838,0.0,0.02,0.60364,1.0,1.0,2.0,0.0,0.0005002501250625312,0.0,1999.0,1.0,0.21399999999999997,0.0005329907999999939,HICHBA_h0.2,0.1,8,1776
1.0,0.02747328223302838,0.0,0.02,0.60364,1.0,1.0,1.0,0.0,0.0005002501250625312,0.0,1999.0,1.0,0.007759999999999989,-0.0005747371999999945,HICHBA_h0.2,0.1,8,1611
1.0,0.02747328223302838,0.0,0.0,0.6259600000000001,0.36,0.36,3.0,1.0,0.0005002501250625312,0.0,1999.0,1.0,0.2154000000000003,-0.0009822015000000017,HICHBA_h0.2,0.1,9,1903
1.0,0.02747328223302838,0.0,0.02,0.60596,1.0,1.0,2.0,0.0,0.0005002501250625312,0.0,1999.0,1.0,0.2154000000000003,-0.00048449669999998946,HICHBA_h0.2,0.1,9,1917
1.0,0.02747328223302838,0.0,0.02,0.60596,1.0,1.0,2.0,0.0,0.0005002501250625312,0.0,1999.0,1.0,-0.11495999999999951,-0.00014656549999998714,HICHBA_h0.2,0.1,9,1857
1.0,0.02747328223302838,0.0,0.02,0.60596,0.94,0.94,2.0,0.0,0.0005002501250625312,0.0,1999.0,1.0,0.2154000000000003,0.0003576809000000042,HICHBA_h0.2,0.1,9,1844
1.0,0.02747328223302838,0.0,0.02,0.60596,1.0,1.0,2.0,0.0,0.0005002501250625312,0.0,1999.0,1.0,-0.11495999999999951,0.00034809600000000607,HICHBA_h0.2,0.1,9,1841
1.0,0.02747328223302838,0.0,0.02,0.60596,0.84,0.84,3.0,0.0,0.0005002501250625312,0.0,1999.0,1.0,0.2154000000000003,0.00017621049999999583,HICHBA_h0.2,0.1,9,1780
1.0,0.02747328223302838,0.0,0.02,0.60596,1.0,1.0,2.0,0.0,0.0005002501250625312,0.0,1999.0,1.0,-0.10416000000000047,0.0015406864999999992,HICHBA_h0.2,0.1,9,1758
1.0,0.02747328223302838,0.0,0.02,0.60596,0.62,0.62,2.0,1.0,0.0005002501250625312,0.0,1999.0,1.0,0.2154000000000003,-0.0007612367000000009,HICHBA_h0.2,0.1,9,1712
1.0,0.02747328223302838,0.0,0.02,0.60596,0.94,0.94,2.0,0.0,0.0005002501250625312,0.0,1999.0,1.0,0.2154000000000003,0.000289583300000007,HICHBA_h0.2,0.1,9,1633
1.0,0.02747328223302838,0.0,0.02,0.60596,0.52,0.52,3.0,1.0,0.0005002501250625312,0.0,1999.0,1.0,0.2154000000000003,0.0001607120000000073,HICHBA_h0.2,0.1,9,1458
1.0,0.02747328223302838,0.0,0.02,0.74952,0.12,0.12,4.0,1.0,0.0005002501250625312,0.0,1999.0,1.0,0.19783999999999902,0.0013759652000000094,HICHBA_h0.2,0.2,0,1967
1.0,0.02747328223302838,0.0,0.04,0.72952,1.0,1.0,3.0,0.0,0.0005002501250625312,0.0,1999.0,1.0,0.19783999999999902,0.0008545760000000097,HICHBA_h0.2,0.2,0,1960
1.0,0.02747328223302838,0.0,0.06,0.7095199999999999,0.3,0.3,3.0,1.0,0.0005002501250625312,0.0,1999.0,1.0,0.19783999999999902,-8.53022999999925e-05,HICHBA_h0.2,0.2,0,1969
1.0,0.02747328223302838,0.0,0.06,0.7095199999999999,0.76,0.76,3.0,1.0,0.0005002501250625312,0.0,1999.0,1.0,-0.09680000000000066,0.0010574737000000056,HICHBA_h0.2,0.2,0,1962
1.0,0.02747328223302838,0.0,0.08,0.68952,0.36,0.36,3.0,1.0,0.0005002501250625312,0.0,1999.0,1.0,0.19783999999999902,0.0010064497000000089,HICHBA_h0.2,0.2,0,1961
1.0,0.02747328223302838,0.0,0.08,0.68952,1.0,1.0,3.0,0.0,0.0005002501250625312,0.0,1999.0,1.0,0.19783999999999902,0.001222979600000007,HICHBA_h0.2,0.2,0,1957
1.0,0.02747328223302838,0.0,0.1,0.66952,1.0,1.0,2.0,0.0,0.0005002501250625312,0.0,1999.0,1.0,0.19783999999999902,0.0011682032000000092,HICHBA_h0.2,0.2,0,1979
1.0,0.02747328223302838,0.0,0.1,0.66952,0.9,0.9,3.0,0.0,0.0005002501250625312,0.0,1999.0,1.0,0.19783999999999902,0.00041940200000001315,HICHBA_h0.2,0.2,0,1890
1.0,0.02747328223302838,0.0,0.1,0.66952,1.0,1.0,2.0,0.0,0.0005002501250625312,0.0,1999.0,0.0,-0.09680000000000066,0.0001510096000000155,HICHBA_h0.2,0.2,0,1871
1.0,0.02747328223302838,0.0,0.1,0.66952,0.76,0.76,3.0,1.0,0.0005002501250625312,0.0,1999.0,1.0,0.19783999999999902,0.0003067696000000203,HICHBA_h0.2,0.2,0,1791
1.0,0.02747328223302838,0.0,0.06,0.7109700000000001,0.88,0.88,3.0,0.0,0.0005002501250625312,0.0,1999.0,1.0,0.1931299999999998,-0.0008855008000000081,HICHBA_h0.2,0.2,1,1652
1.0,0.02747328223302838,0.0,0.06,0.7109700000000001,1.0,1.0,1.0,0.0,0.0005002501250625312,0.0,1999.0,1.0,-0.0076299999999994705,-0.00046485450000001427,HICHBA_h0.2,0.2,1,1179
1.0,0.02747328223302838,0.0,0.08,0.6909700000000001,0.32,0.32,3.0,1.0,0.0005002501250625312,0.0,1999.0,1.0,0.1931299999999998,-0.0013091325000000043,HICHBA_h0.2,0.2,1,1961
1.0,0.02747328223302838,0.0,0.08,0.6909700000000001,1.0,1.0,2.0,0.0,0.0005002501250625312,0.0,1999.0,0.0,-0.0968699999999989,-0.0010154848000000077,HICHBA_h0.2,0.2,1,1658
1.0,0.02747328223302838,0.0,0.08,0.6909700000000001,1.0,1.0,2.0,0.0,0.0005002501250625312,0.0,1999.0,1.0,0.1931299999999998,-0.0010234640000000017,HICHBA_h0.2,0.2,1,1633
1.0,0.02747328223302838,0.0,0.1,0.6709700000000001,0.7,0.7,3.0,1.0,0.0005002501250625312,0.0,1999.0,1.0,0.1931299999999998,-0.0003154909000000067,HICHBA_h0.2,0.2,1,1970
1.0,0.02747328223302838,0.0,0.1,0.6709700000000001,0.44,0.44,3.0,1.0,0.0005002501250625312,0.0,1999.0,1.0,0.1931299999999998,-0.0007230848000000095,HICHBA_h0.2,0.2,1,1969
1.0,0.02747328223302838,0.0,0.1,0.6709700000000001,1.0,1.0,2.0,0.0,0.0005002501250625312,0.0,1999.0,1.0,-0.08862999999999877,-0.002132137300000017,HICHBA_h0.2,0.2,1,1908
1.0,0.02747328223302838,0.0,0.1,0.6709700000000001,1.0,1.0,2.0,0.0,0.0005002501250625312,0.0,1999.0,0.0,-0.0968699999999989,-0.00042757130000001253,HICHBA_h0.2,0.2,1,1745
1.0,0.02747328223302838,0.0,0.1,0.6709700000000001,0.56,0.56,3.0,1.0,0.0005002501250625312,0.0,1999.0,1.0,0.1931299999999998,-0.0001876848000000042,HICHBA_h0.2,0.2,1,1545
1.0,0.02747328223302838,0.0,0.02,0.75297,0.28,0.28,3.0,1.0,0.0005002501250625312,0.0,1999.0,1.0,0.18949000000000038,-0.0012728865000000006,HICHBA_h0.2,0.2,2,1969
1.0,0.02747328223302838,0.0,0.04,0.73297,0.26,0.26,3.0,1.0,0.0005002501250625312,0.0,1999.0,1.0,0.18949000000000038,-0.0014720525000000012,HICHBA_h0.2,0.2,2,1961
1.0,0.02747328223302838,0.0,0.06,0.7129700000000001,1.0,1.0,3.0,0.0,0.0005002501250625312,0.0,1999.0,1.0,0.18949000000000038,-0.0006516319999999853,HICHBA_h0.2,0.2,2,1996
1.0,0.02747328223302838,0.0,0.06,0.7129700000000001,0.36,0.36,3.0,1.0,0.0005002501250625312,0.0,1999.0,1.0,0.18949000000000038,-0.001188180900000002,HICHBA_h0.2,0.2,2,1903
1.0,0.02747328223302838,0.0,0.06,0.7129700000000001,1.0,1.0,2.0,0.0,0.0005002501250625312,0.0,1999.0,1.0,0.18949000000000038,-0.0018551532999999953,HICHBA_h0.2,0.2,2,1709
1.0,0.02747328223302838,0.0,0.08,0.6929700000000001,1.0,1.0,2.0,0.0,0.0005002501250625312,0.0,1999.0,1.0,0.18949000000000038,-0.001515332499999994,HICHBA_h0.2,0.2,2,1974
1.0,0.02747328223302838,0.0,0.1,0.6729700000000001,1.0,1.0,2.0,0.0,0.0005002501250625312,0.0,1999.0,1.0,0.18949000000000038,-0.001990948500000006,HICHBA_h0.2,0.2,2,1932
1.0,0.02747328223302838,0.0,0.1,0.6729700000000001,1.0,1.0,2.0,0.0,0.0005002501250625312,0.0,1999.0,0.0,-0.09434999999999916,-0.00016391050000000296,HICHBA_h0.2,0.2,2,1745
1.0,0.02747328223302838,0.0,0.1,0.6729700000000001,0.9,0.9,2.0,0.0,0.0005002501250625312,0.0,1999.0,1.0,0.18949000000000038,-0.001441618399999997,HICHBA_h0.2,0.2,2,1712
1.0,0.02747328223302838,0.0,0.12,0.65297,1.0,1.0,3.0,0.0,0.0005002501250625312,0.0,1999.0,1.0,0.18949000000000038,-0.0004965645000000046,HICHBA_h0.2,0.2,2,1995
1.0,0.02747328223302838,0.0,0.04,0.73091,1.0,1.0,2.0,0.0,0.0005002501250625312,0.0,1999.0,1.0,-0.011489999999999778,-0.00011438320000001223,HICHBA_h0.2,0.2,3,1915
1.0,0.02747328223302838,0.0,0.06,0.7109099999999999,0.5,0.5,3.0,1.0,0.0005002501250625312,0.0,1999.0,1.0,0.1954299999999991,0.0018864128000000008,HICHBA_h0.2,0.2,3,1903
1.0,0.02747328223302838,0.0,0.06,0.7109099999999999,1.0,1.0,2.0,0.0,0.0005002501250625312,0.0,1999.0,1.0,-0.08628999999999953,0.00045797439999999134,HICHBA_h0.2,0.2,3,1889
1.0,0.02747328223302838,0.0,0.08,0.69091,1.0,1.0,2.0,0.0,0.0005002501250625312,0.0,1999.0,1.0,0.1954299999999991,0.0013919882999999938,HICHBA_h0.2,0.2,3,1972
1.0,0.02747328223302838,0.0,0.08,0.69091,0.68,0.68,3.0,1.0,0.0005002501250625312,0.0,1999.0,1.0,0.1954299999999991,0.0009636134999999879,HICHBA_h0.2,0.2,3,1970
1.0,0.02747328223302838,0.0,0.08,0.69091,0.32,0.32,3.0,1.0,0.0005002501250625312,0.0,1999.0,1.0,0.1954299999999991,0.00015673439999998318,HICHBA_h0.2,0.2,3,1961
1.0,0.02747328223302838,0.0,0.08,0.69091,1.0,1.0,3.0,0.0,0.0005002501250625312,0.0,1999.0,1.0,0.1954299999999991,-0.0006672681000000069,HICHBA_h0.2,0.2,3,1714
1.0,0.02747328223302838,0.0,0.08,0.69091,1.0,1.0,2.0,0.0,0.0005002501250625312,0.0,1999.0,0.0,-0.08628999999999953,0.0007589894999999874,HICHBA_h0.2,0.2,3,1456
1.0,0.02747328223302838,0.0,0.1,0.67091,1.0,1.0,2.0,0.0,0.0005002501250625312,0.0,1999.0,1.0,-0.09764999999999935,0.00027893189999998735,HICHBA_h0.2,0.2,3,1987
1.0,0.02747328223302838,0.0,0.1,0.67091,1.0,1.0,2.0,0.0,0.0005002501250625312,0.0,1999.0,1.0,0.1954299999999991,0.00015309439999999785,HICHBA_h0.2,0.2,3,1973
1.0,0.02747328223302838,0.0,0.02,0.75262,0.34,0.34,3.0,1.0,0.0005002501250625312,0.0,1999.0,1.0,0.1907000000000003,0.00020214370000001813,HICHBA_h0.2,0.2,4,1961
1.0,0.02747328223302838,0.0,0.06,0.71262,1.0,1.0,3.0,0.0,0.0005002501250625312,0.0,1999.0,1.0,0.1907000000000003,-0.0003661418999999916,HICHBA_h0.2,0.2,4,1735
1.0,0.02747328223302838,0.0,0.08,0.69262,0.94,0.94,3.0,0.0,0.0005002501250625312,0.0,1999.0,1.0,0.1907000000000003,-0.0005123743999999875,HICHBA_h0.2,0.2,4,1995
1.0,0.02747328223302838,0.0,0.08,0.69262,1.0,1.0,2.0,0.0,0.0005002501250625312,0.0,1999.0,1.0,-0.007379999999999276,6.063000000000596e-05,HICHBA_h0.2,0.2,4,1991
2.0,0.05494656446605676,0.0,0.08,0.69262,0.34,0.47,3.0,2.0,0.0010005002501250625,0.0,1999.0,1.0,0.1907000000000003,-0.0002634594999999934,HICHBA_h0.2,0.2,4,1854
1.0,0.02747328223302838,0.0,0.1,0.67262,0.84,0.84,3.0,0.0,0.0005002501250625312,0.0,1999.0,1.0,-0.09513999999999989,0.00032309720000001096,HICHBA_h0.2,0.2,4,1962
1.0,0.02747328223302838,0.0,0.1,0.67262,1.0,1.0,2.0,0.0,0.0005002501250625312,0.0,1999.0,1.0,-0.08818000000000059,-0.00031053149999998864,HICHBA_h0.2,0.2,4,1889
1.0,0.02747328223302838,0.0,0.1,0.67262,1.0,1.0,3.0,0.0,0.0005002501250625312,0.0,1999.0,1.0,0.1907000000000003,-0.0004239743999999851,HICHBA_h0.2,0.2,4,1877
1.0,0.02747328223302838,0.0,0.1,0.67262,1.0,1.0,2.0,0.0,0.0005002501250625312,0.0,1999.0,1.0,0.1907000000000003,7.448920000001358e-05,HICHBA_h0.2,0.2,4,1846
1.0,0.02747328223302838,0.0,0.12,0.65262,0.38,0.38,3.0,1.0,0.0005002501250625312,0.0,1999.0,1.0,0.1907000000000003,0.00016065600000000901,HICHBA_h0.2,0.2,4,1969
1.0,0.02747328223302838,0.0,0.06,0.7095400000000001,0.6,0.6,3.0,1.0,0.0005002501250625312,0.0,1999.0,1.0,0.19177999999999962,0.0015610687999999956,HICHBA_h0.2,0.2,5,1799
1.0,0.02747328223302838,0.0,0.08,0.68954,1.0,1.0,2.0,0.0,0.0005002501250625312,0.0,1999.0,1.0,-0.00633999999999979,0.0019083260000000019,HICHBA_h0.2,0.2,5,1998
1.0,0.02747328223302838,0.0,0.08,0.68954,0.56,0.56,3.0,1.0,0.0005002501250625312,0.0,1999.0,1.0,0.19177999999999962,0.0009593483999999902,HICHBA_h0.2,0.2,5,1970
1.0,0.02747328223302838,0.0,0.08,0.68954,0.36,0.36,3.0,1.0,0.0005002501250625312,0.0,1999.0,1.0,0.19177999999999962,0.002668933999999984,HICHBA_h0.2,0.2,5,1969
1.0,0.02747328223302838,0.0,0.08,0.68954,0.32,0.32,3.0,1.0,0.0005002501250625312,0.0,1999.0,1.0,0.19177999999999962,0.001313228399999991,HICHBA_h0.2,0.2,5,1961
1.0,0.02747328223302838,0.0,0.08,0.68954,1.0,1.0,2.0,0.0,0.0005002501250625312,0.0,1999.0,1.0,0.19177999999999962,0.0006676283999999949,HICHBA_h0.2,0.2,5,1940
1.0,0.02747328223302838,0.0,0.08,0.68954,1.0,1.0,2.0,0.0,0.0005002501250625312,0.0,1999.0,1.0,0.19177999999999962,0.0006209227999999928,HICHBA_h0.2,0.2,5,1898
1.0,0.02747328223302838,0.0,0.08,0.68954,1.0,1.0,2.0,0.0,0.0005002501250625312,0.0,1999.0,1.0,0.19177999999999962,0.002060456500000002,HICHBA_h0.2,0.2,5,1842
1.0,0.02747328223302838,0.0,0.1,0.66954,1.0,1.0,2.0,0.0,0.0005002501250625312,0.0,1999.0,1.0,0.19177999999999962,0.0021115245000000032,HICHBA_h0.2,0.2,5,1918
1.0,0.02747328223302838,0.0,0.1,0.66954,1.0,1.0,2.0,0.0,0.0005002501250625312,0.0,1999.0,1.0,-0.00633999999999979,0.001794223999999997,HICHBA_h0.2,0.2,5,1719
1.0,0.02747328223302838,0.0,0.06,0.71309,0.32,0.32,3.0,1.0,0.0005002501250625312,0.0,1999.0,1.0,0.18652999999999997,-0.0009619392000000115,HICHBA_h0.2,0.2,6,1961
1.0,0.02747328223302838,0.0,0.08,0.6930900000000001,1.0,1.0,2.0,0.0,0.0005002501250625312,0.0,1999.0,1.0,0.18652999999999997,0.00031285439999999276,HICHBA_h0.2,0.2,6,1746
1.0,0.02747328223302838,0.0,0.08,0.6930900000000001,0.8,0.8,3.0,0.0,0.0005002501250625312,0.0,1999.0,1.0,0.18652999999999997,-0.0015804952000000039,HICHBA_h0.2,0.2,6,1652
1.0,0.02747328223302838,0.0,0.1,0.6730900000000001,1.0,1.0,2.0,0.0,0.0005002501250625312,0.0,1999.0,1.0,0.18652999999999997,-0.0012135605000000022,HICHBA_h0.2,0.2,6,1990
1.0,0.02747328223302838,0.0,0.1,0.6730900000000001,1.0,1.0,2.0,0.0,0.0005002501250625312,0.0,1999.0,1.0,-0.005630000000000135,-0.0008545832000000086,HICHBA_h0.2,0.2,6,1915
1.0,0.02747328223302838,0.0,0.1,0.6730900000000001,1.0,1.0,2.0,0.0,0.0005002501250625312,0.0,1999.0,0.0,-0.09450999999999943,-0.0012070472000000054,HICHBA_h0.2,0.2,6,1887
1.0,0.02747328223302838,0.0,0.1,0.6730900000000001,0.68,0.68,3.0,1.0,0.0005002501250625312,0.0,1999.0,1.0,0.18652999999999997,-0.0011324245000000066,HICHBA_h0.2,0.2,6,1791
1.0,0.02747328223302838,0.0,0.12,0.6530900000000001,0.62,0.62,3.0,1.0,0.0005002501250625312,0.0,1999.0,1.0,0.18652999999999997,-0.0005517832000000028,HICHBA_h0.2,0.2,6,1970
1.0,0.02747328223302838,0.0,0.12,0.6530900000000001,1.0,1.0,2.0,0.0,0.0005002501250625312,0.0,1999.0,1.0,0.18652999999999997,-0.0005394080000000051,HICHBA_h0.2,0.2,6,1897
1.0,0.02747328223302838,0.0,0.12,0.6530900000000001,1.0,1.0,2.0,0.0,0.0005002501250625312,0.0,1999.0,0.0,-0.0863899999999993,-0.0010854599999999964,HICHBA_h0.2,0.2,6,1731
1.0,0.02747328223302838,0.0,0.04,0.73333,0.32,0.32,3.0,1.0,0.0005002501250625312,0.0,1999.0,1.0,0.19308999999999943,-9.479729999999076e-05,HICHBA_h0.2,0.2,7,1961
1.0,0.02747328223302838,0.0,0.06,0.71333,1.0,1.0,3.0,0.0,0.0005002501250625312,0.0,1999.0,1.0,0.19308999999999943,-0.0005388424999999974,HICHBA_h0.2,0.2,7,1735
1.0,0.02747328223302838,0.0,0.08,0.6933300000000001,1.0,1.0,2.0,0.0,0.0005002501250625312,0.0,1999.0,0.0,0.19308999999999943,-0.00020739679999999538,HICHBA_h0.2,0.2,7,1781
1.0,0.02747328223302838,0.0,0.08,0.6933300000000001,1.0,1.0,2.0,0.0,0.0005002501250625312,0.0,1999.0,1.0,0.19308999999999943,-0.0006816888999999909,HICHBA_h0.2,0.2,7,1762
1.0,0.02747328223302838,0.0,0.1,0.6733300000000001,1.0,1.0,2.0,0.0,0.0005002501250625312,0.0,1999.0,1.0,0.19308999999999943,0.000379556000000017,HICHBA_h0.2,0.2,7,1932
1.0,0.02747328223302838,0.0,0.1,0.6733300000000001,1.0,1.0,2.0,0.0,0.0005002501250625312,0.0,1999.0,1.0,0.19308999999999943,-0.001086208799999988,HICHBA_h0.2,0.2,7,1923
1.0,0.02747328223302838,0.0,0.1,0.6733300000000001,1.0,1.0,1.0,0.0,0.0005002501250625312,0.0,1999.0,1.0,-0.009989999999999277,-0.0003585239999999851,HICHBA_h0.2,0.2,7,1579
1.0,0.02747328223302838,0.0,0.12,0.6533300000000001,1.0,1.0,3.0,0.0,0.0005002501250625312,0.0,1999.0,1.0,0.19308999999999943,-0.0007216504999999901,HICHBA_h0.2,0.2,7,1986
1.0,0.02747328223302838,0.0,0.12,0.6533300000000001,1.0,1.0,2.0,0.0,0.0005002501250625312,0.0,1999.0,1.0,0.19308999999999943,0.0004428312000000073,HICHBA_h0.2,0.2,7,1982
1.0,0.02747328223302838,0.0,0.12,0.6533300000000001,1.0,1.0,2.0,0.0,0.0005002501250625312,0.0,1999.0,1.0,0.19308999999999943,-0.0002755079999999799,HICHBA_h0.2,0.2,7,1881
1.0,0.02747328223302838,0.0,0.04,0.7335299999999999,0.42,0.42,3.0,1.0,0.0005002501250625312,0.0,1999.0,1.0,0.18593000000000004,-0.00019814399999999732,HICHBA_h0.2,0.2,8,1961
1.0,0.02747328223302838,0.0,0.1,0.67353,1.0,1.0,2.0,0.0,0.0005002501250625312,0.0,1999.0,1.0,0.18593000000000004,0.0003326111999999992,HICHBA_h0.2,0.2,8,1933
1.0,0.02747328223302838,0.0,0.1,0.67353,1.0,1.0,2.0,0.0,0.0005002501250625312,0.0,1999.0,1.0,-0.09498999999999946,-0.0014761208000000081,HICHBA_h0.2,0.2,8,1841
1.0,0.02747328223302838,0.0,0.1,0.67353,1.0,1.0,2.0,0.0,0.0005002501250625312,0.0,1999.0,1.0,0.18593000000000004,-0.0007219688000000002,HICHBA_h0.2,0.2,8,1762
1.0,0.02747328223302838,0.0,0.1,0.67353,1.0,1.0,2.0,0.0,0.0005002501250625312,0.0,1999.0,0.0,-0.09498999999999946,-0.002470287999999987,HICHBA_h0.2,0.2,8,1552
1.0,0.02747328223302838,0.0,0.1,0.67353,1.0,1.0,3.0,0.0,0.0005002501250625312,0.0,1999.0,1.0,0.18593000000000004,0.00014315870000000674,HICHBA_h0.2,0.2,8,1468
1.0,0.02747328223302838,0.0,0.12,0.6535299999999999,1.0,1.0,2.0,0.0,0.0005002501250625312,0.0,1999.0,1.0,0.18593000000000004,-0.00029575839999999853,HICHBA_h0.2,0.2,8,1973
1.0,0.02747328223302838,0.0,0.12,0.6535299999999999,1.0,1.0,1.0,0.0,0.0005002501250625312,0.0,1999.0,1.0,-0.005230000000000512,0.00013042720000000507,HICHBA_h0.2,0.2,8,1947
1.0,0.02747328223302838,0.0,0.12,0.6535299999999999,1.0,1.0,2.0,0.0,0.0005002501250625312,0.0,1999.0,1.0,0.18593000000000004,-0.0010387399999999963,HICHBA_h0.2,0.2,8,1930
1.0,0.02747328223302838,0.0,0.12,0.6535299999999999,0.78,0.78,3.0,0.0,0.0005002501250625312,0.0,1999.0,1.0,0.18593000000000004,-0.0010297008999999857,HICHBA_h0.2,0.2,8,1916
1.0,0.02747328223302838,0.0,0.06,0.7129400000000001,0.54,0.54,3.0,1.0,0.0005002501250625312,0.0,1999.0,1.0,0.18925999999999987,0.0014595520000000028,HICHBA_h0.2,0.2,9,1970
1.0,0.02747328223302838,0.0,0.06,0.7129400000000001,0.32,0.32,3.0,1.0,0.0005002501250625312,0.0,1999.0,1.0,0.18925999999999987,0.0010631227999999965,HICHBA_h0.2,0.2,9,1961
1.0,0.02747328223302838,0.0,0.06,0.7129400000000001,1.0,1.0,2.0,0.0,0.0005002501250625312,0.0,1999.0,1.0,-0.0846199999999998,0.002544041299999994,HICHBA_h0.2,0.2,9,1878
1.0,0.02747328223302838,0.0,0.06,0.7129400000000001,1.0,1.0,2.0,0.0,0.0005002501250625312,0.0,1999.0,1.0,0.18925999999999987,0.000930388500000004,HICHBA_h0.2,0.2,9,1767
1.0,0.02747328223302838,0.0,0.08,0.6929400000000001,1.0,1.0,2.0,0.0,0.0005002501250625312,0.0,1999.0,1.0,0.18925999999999987,0.0008153407999999945,HICHBA_h0.2,0.2,9,1976
1.0,0.02747328223302838,0.0,0.08,0.6929400000000001,1.0,1.0,2.0,0.0,0.0005002501250625312,0.0,1999.0,1.0,0.18925999999999987,0.0018402844999999973,HICHBA_h0.2,0.2,9,1942
1.0,0.02747328223302838,0.0,0.08,0.6929400000000001,1.0,1.0,3.0,0.0,0.0005002501250625312,0.0,1999.0,1.0,0.18925999999999987,0.00045584129999999556,HICHBA_h0.2,0.2,9,1877
1.0,0.02747328223302838,0.0,0.08,0.6929400000000001,0.74,0.74,3.0,1.0,0.0005002501250625312,0.0,1999.0,1.0,0.18925999999999987,0.0012930245000000035,HICHBA_h0.2,0.2,9,1791
1.0,0.02747328223302838,0.0,0.1,0.6729400000000001,1.0,1.0,2.0,0.0,0.0005002501250625312,0.0,1999.0,1.0,0.18925999999999987,0.0014432612999999983,HICHBA_h0.2,0.2,9,1979
1.0,0.02747328223302838,0.0,0.1,0.6729400000000001,1.0,1.0,1.0,0.0,0.0005002501250625312,0.0,1999.0,1.0,-0.009620000000000406,0.0010983807999999928,HICHBA_h0.2,0.2,9,1947
1.0,0.025461489497135583,0.0,0.0,0.64825,0.3,0.3,3.0,1.0,0.0005002501250625312,0.0,1999.0,1.0,0.25868999999999986,-0.0010439663999999987,HICHBA_h0.4,0.1,0,1989
1.0,0.025461489497135583,0.0,0.0,0.64825,0.6,0.6,3.0,1.0,0.0005002501250625312,0.0,1999.0,1.0,0.25868999999999986,0.0001402400000000137,HICHBA_h0.4,0.1,0,1963
1.0,0.025461489497135583,0.0,0.0,0.64825,0.34,0.34,3.0,1.0,0.0005002501250625312,0.0,1999.0,1.0,0.25868999999999986,-0.000469826399999998,HICHBA_h0.4,0.1,0,1949
1.0,0.025461489497135583,0.0,0.0,0.64825,1.0,1.0,2.0,0.0,0.0005002501250625312,0.0,1999.0,0.0,0.25868999999999986,0.0009640931000000075,HICHBA_h0.4,0.1,0,1943
2.0,0.050922978994271166,0.0,0.0,0.64825,0.02,0.14,3.0,2.0,0.0010005002501250625,0.0,1999.0,1.0,0.25868999999999986,-0.00030552959999999296,HICHBA_h0.4,0.1,0,1924
1.0,0.025461489497135583,0.0,0.0,0.64825,0.68,0.68,3.0,0.0,0.0005002501250625312,0.0,1999.0,1.0,0.25868999999999986,0.001136761600000008,HICHBA_h0.4,0.1,0,1889
1.0,0.025461489497135583,0.0,0.0,0.64825,0.48,0.48,3.0,1.0,0.0005002501250625312,0.0,1999.0,1.0,0.25868999999999986,-0.0008777704000000053,HICHBA_h0.4,0.1,0,1886
1.0,0.025461489497135583,0.0,0.0,0.64825,0.24,0.24,3.0,1.0,0.0005002501250625312,0.0,1999.0,1.0,0.25868999999999986,-0.00047229999999999495,HICHBA_h0.4,0.1,0,1883
1.0,0.025461489497135583,0.0,0.0,0.64825,0.16,0.16,3.0,1.0,0.0005002501250625312,0.0,1999.0,1.0,0.25868999999999986,-4.6773599999994087e-05,HICHBA_h0.4,0.1,0,1665
1.0,0.025461489497135583,0.0,0.02,0.62825,0.16,0.16,3.0,1.0,0.0005002501250625312,0.0,1999.0,1.0,0.25868999999999986,0.0010309096000000045,HICHBA_h0.4,0.1,0,1996
1.0,0.025461489497135583,0.0,0.0,0.6496900000000001,0.4,0.4,3.0,1.0,0.0005002501250625312,0.0,1999.0,1.0,0.2557300000000005,-0.0008602360000000142,HICHBA_h0.4,0.1,1,1952
1.0,0.025461489497135583,0.0,0.0,0.6496900000000001,0.34,0.34,3.0,1.0,0.0005002501250625312,0.0,1999.0,1.0,0.2557300000000005,-0.0004173405000000019,HICHBA_h0.4,0.1,1,1949
1.0,0.025461489497135583,0.0,0.0,0.6496900000000001,0.06,0.06,3.0,1.0,0.0005002501250625312,0.0,1999.0,1.0,0.2557300000000005,-0.000443278500000005,HICHBA_h0.4,0.1,1,1941
2.0,0.050922978994271166,0.0,0.0,0.6496900000000001,0.1,0.11,3.0,2.0,0.0010005002501250625,0.0,1999.0,1.0,0.2557300000000005,-0.001620975700000013,HICHBA_h0.4,0.1,1,1921
1.0,0.025461489497135583,0.0,0.0,0.6496900000000001,0.44,0.44,3.0,1.0,0.0005002501250625312,0.0,1999.0,1.0,0.2557300000000005,-0.000259652000000013,HICHBA_h0.4,0.1,1,1899
1.0,0.025461489497135583,0.0,0.0,0.6496900000000001,0.22,0.22,3.0,1.0,0.0005002501250625312,0.0,1999.0,1.0,0.2557300000000005,-0.0008492577000000084,HICHBA_h0.4,0.1,1,1883
1.0,0.025461489497135583,0.0,0.0,0.6496900000000001,0.3,0.3,3.0,1.0,0.0005002501250625312,0.0,1999.0,1.0,-0.13162999999999925,-0.0008017936000000031,HICHBA_h0.4,0.1,1,1868
1.0,0.025461489497135583,0.0,0.0,0.6496900000000001,0.22,0.22,3.0,1.0,0.0005002501250625312,0.0,1999.0,1.0,0.2557300000000005,-0.0007426152000000186,HICHBA_h0.4,0.1,1,1665
1.0,0.025461489497135583,0.0,0.02,0.6296900000000001,0.58,0.58,3.0,1.0,0.0005002501250625312,0.0,1999.0,1.0,0.2557300000000005,-0.00034850720000001445,HICHBA_h0.4,0.1,1,1992
1.0,0.025461489497135583,0.0,0.02,0.6296900000000001,0.32,0.32,3.0,1.0,0.0005002501250625312,0.0,1999.0,1.0,0.2557300000000005,-0.0012905080000000096,HICHBA_h0.4,0.1,1,1989
1.0,0.025461489497135583,0.0,0.0,0.64743,0.42,0.42,3.0,1.0,0.0005002501250625312,0.0,1999.0,1.0,0.25679000000000013,0.0006506391999999972,HICHBA_h0.4,0.1,2,1999
1.0,0.025461489497135583,0.0,0.0,0.64743,0.16,0.16,3.0,1.0,0.0005002501250625312,0.0,1999.0,1.0,0.25679000000000013,0.0007876575999999913,HICHBA_h0.4,0.1,2,1996
1.0,0.025461489497135583,0.0,0.0,0.64743,0.2,0.2,3.0,1.0,0.0005002501250625312,0.0,1999.0,1.0,0.25679000000000013,0.0009760176000000037,HICHBA_h0.4,0.1,2,1905
1.0,0.025461489497135583,0.0,0.0,0.64743,0.34,0.34,3.0,1.0,0.0005002501250625312,0.0,1999.0,1.0,-0.10877000000000048,0.0004958847000000044,HICHBA_h0.4,0.1,2,1851
1.0,0.025461489497135583,0.0,0.0,0.64743,0.28,0.28,3.0,1.0,0.0005002501250625312,0.0,1999.0,1.0,0.25679000000000013,0.0010061186999999888,HICHBA_h0.4,0.1,2,1665
1.0,0.025461489497135583,0.0,0.02,0.6274299999999999,0.44,0.44,3.0,1.0,0.0005002501250625312,0.0,1999.0,1.0,0.25679000000000013,0.0005192546999999992,HICHBA_h0.4,0.1,2,1989
1.0,0.025461489497135583,0.0,0.02,0.6274299999999999,0.78,0.78,3.0,0.0,0.0005002501250625312,0.0,1999.0,1.0,-0.015210000000000723,0.00017868510000000615,HICHBA_h0.4,0.1,2,1983
1.0,0.025461489497135583,0.0,0.02,0.6274299999999999,1.0,1.0,2.0,0.0,0.0005002501250625312,0.0,1999.0,1.0,0.25679000000000013,0.0007199120000000031,HICHBA_h0.4,0.1,2,1972
1.0,0.025461489497135583,0.0,0.02,0.6274299999999999,0.38,0.38,3.0,1.0,0.0005002501250625312,0.0,1999.0,1.0,0.25679000000000013,0.0007941474999999948,HICHBA_h0.4,0.1,2,1969
1.0,0.025461489497135583,0.0,0.02,0.6274299999999999,0.48,0.48,3.0,1.0,0.0005002501250625312,0.0,1999.0,1.0,0.25679000000000013,-0.0006921168000000033,HICHBA_h0.4,0.1,2,1963
1.0,0.025461489497135583,0.0,0.0,0.6472,0.36,0.36,3.0,1.0,0.0005002501250625312,0.0,1999.0,1.0,0.25444000000000017,-0.0013348110999999996,HICHBA_h0.4,0.1,3,1989
1.0,0.025461489497135583,0.0,0.0,0.6472,0.08,0.08,3.0,1.0,0.0005002501250625312,0.0,1999.0,1.0,0.25444000000000017,-0.000549851900000009,HICHBA_h0.4,0.1,3,1941
1.0,0.025461489497135583,0.0,0.0,0.6472,0.52,0.52,3.0,1.0,0.0005002501250625312,0.0,1999.0,1.0,0.25444000000000017,0.0005103520999999861,HICHBA_h0.4,0.1,3,1929
2.0,0.050922978994271166,0.0,0.0,0.6472,0.08,0.1,3.0,2.0,0.0010005002501250625,0.0,1999.0,1.0,0.25444000000000017,-0.0002334299999999928,HICHBA_h0.4,0.1,3,1921
1.0,0.025461489497135583,0.0,0.0,0.6472,0.2,0.2,3.0,1.0,0.0005002501250625312,0.0,1999.0,1.0,0.25444000000000017,-0.00041720960000000973,HICHBA_h0.4,0.1,3,1900
1.0,0.025461489497135583,0.0,0.0,0.6472,0.3,0.3,3.0,1.0,0.0005002501250625312,0.0,1999.0,1.0,0.25444000000000017,-0.00047327640000000004,HICHBA_h0.4,0.1,3,1883
1.0,0.025461489497135583,0.0,0.0,0.6472,0.32,0.32,3.0,1.0,0.0005002501250625312,0.0,1999.0,1.0,0.25444000000000017,-0.0007055198999999929,HICHBA_h0.4,0.1,3,1818
2.0,0.050922978994271166,1.0,0.0,0.6472,0.34,0.34,3.0,2.0,0.0010005002501250625,1.0,1999.0,0.5,-0.10472000000000037,-0.0010185115999999939,HICHBA_h0.4,0.1,3,1697
1.0,0.025461489497135583,0.0,0.02,0.6272,1.0,1.0,2.0,0.0,0.0005002501250625312,0.0,1999.0,1.0,0.25444000000000017,0.0008288496000000006,HICHBA_h0.4,0.1,3,1986
1.0,0.025461489497135583,0.0,0.02,0.6272,0.66,0.66,3.0,0.0,0.0005002501250625312,0.0,1999.0,1.0,0.25444000000000017,0.0006747683999999976,HICHBA_h0.4,0.1,3,1960
1.0,0.025461489497135583,0.0,0.0,0.6473300000000001,0.86,0.86,2.0,0.0,0.0005002501250625312,0.0,1999.0,1.0,0.2552899999999995,-0.0003162999999999916,HICHBA_h0.4,0.1,4,1991
1.0,0.025461489497135583,0.0,0.0,0.6473300000000001,0.22,0.22,3.0,1.0,0.0005002501250625312,0.0,1999.0,1.0,0.2552899999999995,-9.367999999995713e-06,HICHBA_h0.4,0.1,4,1989
1.0,0.025461489497135583,0.0,0.0,0.6473300000000001,0.04,0.04,3.0,1.0,0.0005002501250625312,0.0,1999.0,1.0,0.2552899999999995,0.0008307111000000061,HICHBA_h0.4,0.1,4,1941
2.0,0.050922978994271166,0.0,0.0,0.6473300000000001,0.08,0.13,3.0,2.0,0.0010005002501250625,0.0,1999.0,1.0,0.2552899999999995,0.0008475435000000059,HICHBA_h0.4,0.1,4,1921
1.0,0.025461489497135583,0.0,0.0,0.6473300000000001,0.08,0.08,3.0,1.0,0.0005002501250625312,0.0,1999.0,1.0,0.2552899999999995,0.00044236799999999854,HICHBA_h0.4,0.1,4,1905
1.0,0.025461489497135583,0.0,0.0,0.6473300000000001,0.08,0.08,3.0,1.0,0.0005002501250625312,0.0,1999.0,1.0,0.2552899999999995,-0.0007555320000000032,HICHBA_h0.4,0.1,4,1900
1.0,0.025461489497135583,0.0,0.0,0.6473300000000001,0.26,0.26,3.0,1.0,0.0005002501250625312,0.0,1999.0,1.0,-0.10375000000000001,-0.00019281999999999633,HICHBA_h0.4,0.1,4,1851
1.0,0.025461489497135583,0.0,0.02,0.62733,0.22,0.22,3.0,1.0,0.0005002501250625312,0.0,1999.0,1.0,0.2552899999999995,0.00027895520000000007,HICHBA_h0.4,0.1,4,1996
1.0,0.025461489497135583,0.0,0.02,0.62733,0.86,0.86,2.0,0.0,0.0005002501250625312,0.0,1999.0,1.0,0.2552899999999995,0.0005374006999999958,HICHBA_h0.4,0.1,4,1988
1.0,0.025461489497135583,0.0,0.02,0.62733,1.0,1.0,2.0,0.0,0.0005002501250625312,0.0,1999.0,1.0,0.2552899999999995,0.0013370632000000021,HICHBA_h0.4,0.1,4,1974
2.0,0.050922978994271166,0.0,0.0,0.65052,0.04,0.22,3.0,2.0,0.0010005002501250625,0.0,1999.0,1.0,0.2514400000000002,0.00024864199999999337,HICHBA_h0.4,0.1,5,1924
1.0,0.025461489497135583,0.0,0.0,0.65052,0.26,0.26,3.0,1.0,0.0005002501250625312,0.0,1999.0,1.0,0.2514400000000002,0.0005274591999999967,HICHBA_h0.4,0.1,5,1905
1.0,0.025461489497135583,0.0,0.0,0.65052,0.5,0.5,3.0,1.0,0.0005002501250625312,0.0,1999.0,1.0,0.2514400000000002,2.9609699999988415e-05,HICHBA_h0.4,0.1,5,1901
1.0,0.025461489497135583,0.0,0.0,0.65052,0.18,0.18,3.0,1.0,0.0005002501250625312,0.0,1999.0,1.0,0.2514400000000002,-0.00016174950000000243,HICHBA_h0.4,0.1,5,1900
1.0,0.025461489497135583,0.0,0.0,0.65052,0.76,0.76,3.0,0.0,0.0005002501250625312,0.0,1999.0,1.0,0.2514400000000002,-0.0002920103000000063,HICHBA_h0.4,0.1,5,1884
1.0,0.025461489497135583,0.0,0.02,0.63052,0.3,0.3,3.0,1.0,0.0005002501250625312,0.0,1999.0,1.0,0.2514400000000002,0.0007319456999999863,HICHBA_h0.4,0.1,5,1996
1.0,0.025461489497135583,0.0,0.02,0.63052,0.94,0.94,3.0,0.0,0.0005002501250625312,0.0,1999.0,1.0,0.2514400000000002,5.373000000000183e-05,HICHBA_h0.4,0.1,5,1977
1.0,0.025461489497135583,0.0,0.02,0.63052,0.94,0.94,3.0,0.0,0.0005002501250625312,0.0,1999.0,1.0,0.2514400000000002,0.0001846132000000028,HICHBA_h0.4,0.1,5,1976
1.0,0.025461489497135583,0.0,0.02,0.63052,0.46,0.46,3.0,1.0,0.0005002501250625312,0.0,1999.0,1.0,0.2514400000000002,0.00023093959999999358,HICHBA_h0.4,0.1,5,1969
1.0,0.025461489497135583,0.0,0.02,0.63052,0.82,0.82,3.0,0.0,0.0005002501250625312,0.0,1999.0,1.0,0.2514400000000002,0.00026992319999999403,HICHBA_h0.4,0.1,5,1968
1.0,0.025461489497135583,0.0,0.0,0.6485599999999999,0.3,0.3,3.0,1.0,0.0005002501250625312,0.0,1999.0,1.0,0.2530799999999995,0.0006341039999999964,HICHBA_h0.4,0.1,6,1949
1.0,0.025461489497135583,0.0,0.0,0.6485599999999999,0.16,0.16,3.0,1.0,0.0005002501250625312,0.0,1999.0,1.0,0.2530799999999995,0.0011468944999999953,HICHBA_h0.4,0.1,6,1941
1.0,0.025461489497135583,0.0,0.0,0.6485599999999999,0.46,0.46,3.0,1.0,0.0005002501250625312,0.0,1999.0,1.0,0.2530799999999995,0.0009264559999999922,HICHBA_h0.4,0.1,6,1929
1.0,0.025461489497135583,0.0,0.0,0.6485599999999999,0.24,0.24,3.0,1.0,0.0005002501250625312,0.0,1999.0,1.0,0.2530799999999995,0.0006347144999999943,HICHBA_h0.4,0.1,6,1883
2.0,0.050922978994271166,1.0,0.0,0.6485599999999999,0.1,0.31,3.0,2.0,0.0010005002501250625,1.0,1999.0,1.0,0.2530799999999995,0.0010065188000000086,HICHBA_h0.4,0.1,6,1857
1.0,0.025461489497135583,0.0,0.0,0.6485599999999999,0.34,0.34,3.0,1.0,0.0005002501250625312,0.0,1999.0,1.0,0.2530799999999995,0.002366442499999996,HICHBA_h0.4,0.1,6,1818
1.0,0.025461489497135583,0.0,0.0,0.6485599999999999,0.34,0.34,3.0,1.0,0.0005002501250625312,0.0,1999.0,1.0,0.2530799999999995,0.0009494079999999988,HICHBA_h0.4,0.1,6,1817
1.0,0.025461489497135583,0.0,0.02,0.6285599999999999,0.32,0.32,3.0,1.0,0.0005002501250625312,0.0,1999.0,1.0,0.2530799999999995,-0.0004442811999999935,HICHBA_h0.4,0.1,6,1969
2.0,0.050922978994271166,0.0,0.02,0.6285599999999999,0.12,0.26,2.0,2.0,0.0010005002501250625,0.0,1999.0,0.5,0.2530799999999995,-0.0002647646999999892,HICHBA_h0.4,0.1,6,1930
2.0,0.050922978994271166,0.0,0.02,0.6285599999999999,0.12,0.15,3.0,2.0,0.0010005002501250625,0.0,1999.0,1.0,0.2530799999999995,0.0004846512999999997,HICHBA_h0.4,0.1,6,1921
1.0,0.025461489497135583,0.0,0.0,0.6486799999999999,0.4,0.4,3.0,1.0,0.0005002501250625312,0.0,1999.0,1.0,0.2497999999999992,0.0002108777000000006,HICHBA_h0.4,0.1,7,1969
1.0,0.025461489497135583,0.0,0.0,0.6486799999999999,0.68,0.68,3.0,0.0,0.0005002501250625312,0.0,1999.0,1.0,0.2497999999999992,-0.0006085419999999897,HICHBA_h0.4,0.1,7,1962
1.0,0.025461489497135583,0.0,0.0,0.6486799999999999,0.58,0.58,3.0,1.0,0.0005002501250625312,0.0,1999.0,1.0,0.2497999999999992,-0.000585892399999996,HICHBA_h0.4,0.1,7,1960
1.0,0.025461489497135583,0.0,0.0,0.6486799999999999,0.5,0.5,3.0,1.0,0.0005002501250625312,0.0,1999.0,1.0,0.2497999999999992,-0.0009581798999999946,HICHBA_h0.4,0.1,7,1950
1.0,0.025461489497135583,0.0,0.0,0.6486799999999999,0.32,0.32,3.0,1.0,0.0005002501250625312,0.0,1999.0,1.0,0.2497999999999992,0.00010385450000000018,HICHBA_h0.4,0.1,7,1949
1.0,0.025461489497135583,0.0,0.0,0.6486799999999999,0.1,0.1,3.0,1.0,0.0005002501250625312,0.0,1999.0,1.0,0.2497999999999992,-0.0001312934999999904,HICHBA_h0.4,0.1,7,1941
1.0,0.025461489497135583,0.0,0.0,0.6486799999999999,0.94,0.94,3.0,0.0,0.0005002501250625312,0.0,1999.0,1.0,0.2497999999999992,0.001023217600000001,HICHBA_h0.4,0.1,7,1939
1.0,0.025461489497135583,0.0,0.0,0.6486799999999999,0.3,0.3,3.0,1.0,0.0005002501250625312,0.0,1999.0,1.0,0.2497999999999992,0.0013994132000000048,HICHBA_h0.4,0.1,7,1936
2.0,0.050922978994271166,0.0,0.0,0.6486799999999999,0.02,0.21000000000000002,3.0,2.0,0.0010005002501250625,0.0,1999.0,1.0,0.2497999999999992,0.0003039817000000111,HICHBA_h0.4,0.1,7,1924
1.0,0.025461489497135583,0.0,0.0,0.6486799999999999,0.38,0.38,3.0,1.0,0.0005002501250625312,0.0,1999.0,1.0,0.2497999999999992,0.0008984600999999981,HICHBA_h0.4,0.1,7,1837
1.0,0.025461489497135583,0.0,0.0,0.65099,0.3,0.3,3.0,1.0,0.0005002501250625312,0.0,1999.0,1.0,0.2491100000000005,0.0003330839999999974,HICHBA_h0.4,0.1,8,1947
2.0,0.050922978994271166,0.0,0.0,0.65099,0.02,0.17,3.0,2.0,0.0010005002501250625,0.0,1999.0,1.0,0.2491100000000005,-0.00019936050000000927,HICHBA_h0.4,0.1,8,1924
2.0,0.050922978994271166,0.0,0.0,0.65099,0.08,0.15,3.0,2.0,0.0010005002501250625,0.0,1999.0,1.0,0.2491100000000005,0.0011462714999999901,HICHBA_h0.4,0.1,8,1921
1.0,0.025461489497135583,0.0,0.0,0.65099,0.14,0.14,3.0,1.0,0.0005002501250625312,0.0,1999.0,1.0,0.2491100000000005,0.0002630279999999846,HICHBA_h0.4,0.1,8,1883
1.0,0.025461489497135583,0.0,0.0,0.65099,0.24,0.24,3.0,1.0,0.0005002501250625312,0.0,1999.0,1.0,-0.12744999999999962,0.0008574774999999951,HICHBA_h0.4,0.1,8,1868
1.0,0.025461489497135583,0.0,0.02,0.6309899999999999,0.44,0.44,3.0,1.0,0.0005002501250625312,0.0,1999.0,1.0,0.2491100000000005,0.0008906279999999905,HICHBA_h0.4,0.1,8,1999
1.0,0.025461489497135583,0.0,0.02,0.6309899999999999,0.1,0.1,3.0,1.0,0.0005002501250625312,0.0,1999.0,1.0,0.2491100000000005,0.0005246298999999899,HICHBA_h0.4,0.1,8,1941
1.0,0.025461489497135583,0.0,0.02,0.6309899999999999,0.6,0.6,3.0,1.0,0.0005002501250625312,0.0,1999.0,1.0,0.2491100000000005,-3.892720000001071e-05,HICHBA_h0.4,0.1,8,1929
1.0,0.025461489497135583,0.0,0.02,0.6309899999999999,0.16,0.16,3.0,1.0,0.0005002501250625312,0.0,1999.0,1.0,0.2491100000000005,0.0017635798999999924,HICHBA_h0.4,0.1,8,1905
1.0,0.025461489497135583,0.0,0.02,0.6309899999999999,0.46,0.46,3.0,1.0,0.0005002501250625312,0.0,1999.0,1.0,0.2491100000000005,0.0011426422999999825,HICHBA_h0.4,0.1,8,1901
1.0,0.025461489497135583,0.0,0.0,0.65204,1.0,1.0,2.0,0.0,0.0005002501250625312,0.0,1999.0,1.0,0.24699999999999933,-0.0006385616000000038,HICHBA_h0.4,0.1,9,1967
1.0,0.025461489497135583,0.0,0.0,0.65204,0.62,0.62,2.0,1.0,0.0005002501250625312,0.0,1999.0,1.0,0.24699999999999933,0.00029065450000000104,HICHBA_h0.4,0.1,9,1907
1.0,0.025461489497135583,0.0,0.02,0.6320399999999999,0.26,0.26,3.0,1.0,0.0005002501250625312,0.0,1999.0,1.0,0.24699999999999933,0.0003045620000000082,HICHBA_h0.4,0.1,9,1989
1.0,0.025461489497135583,0.0,0.02,0.6320399999999999,0.86,0.86,3.0,0.0,0.0005002501250625312,0.0,1999.0,1.0,0.24699999999999933,-0.0006855694999999967,HICHBA_h0.4,0.1,9,1976
1.0,0.025461489497135583,0.0,0.02,0.6320399999999999,0.54,0.54,3.0,1.0,0.0005002501250625312,0.0,1999.0,1.0,0.24699999999999933,-0.0005157516000000029,HICHBA_h0.4,0.1,9,1965
1.0,0.025461489497135583,0.0,0.02,0.6320399999999999,0.52,0.52,3.0,1.0,0.0005002501250625312,0.0,1999.0,1.0,0.24699999999999933,-0.0007334166999999892,HICHBA_h0.4,0.1,9,1960
1.0,0.025461489497135583,0.0,0.02,0.6320399999999999,0.58,0.58,3.0,1.0,0.0005002501250625312,0.0,1999.0,1.0,0.24699999999999933,0.000416408000000007,HICHBA_h0.4,0.1,9,1952
1.0,0.025461489497135583,0.0,0.02,0.6320399999999999,0.1,0.1,3.0,1.0,0.0005002501250625312,0.0,1999.0,1.0,0.24699999999999933,0.0004889408999999983,HICHBA_h0.4,0.1,9,1941
2.0,0.050922978994271166,0.0,0.02,0.6320399999999999,0.08,0.1,3.0,2.0,0.0010005002501250625,0.0,1999.0,1.0,0.24699999999999933,-0.0010183926999999954,HICHBA_h0.4,0.1,9,1921
1.0,0.025461489497135583,0.0,0.02,0.6320399999999999,0.22,0.22,3.0,1.0,0.0005002501250625312,0.0,1999.0,1.0,0.24699999999999933,0.00028208200000000294,HICHBA_h0.4,0.1,9,1900
1.0,0.025461489497135583,0.0,0.0,0.79255,0.14,0.14,3.0,1.0,0.0005002501250625312,0.0,1999.0,1.0,0.21550999999999998,-0.0011710496000000015,HICHBA_h0.4,0.2,0,1941
1.0,0.025461489497135583,0.0,0.06,0.73255,1.0,1.0,3.0,0.0,0.0005002501250625312,0.0,1999.0,1.0,0.21550999999999998,-0.000991692500000002,HICHBA_h0.4,0.2,0,1977
1.0,0.025461489497135583,0.0,0.08,0.71255,0.68,0.68,3.0,1.0,0.0005002501250625312,0.0,1999.0,1.0,0.21550999999999998,-0.0008696080999999883,HICHBA_h0.4,0.2,0,1999
1.0,0.025461489497135583,0.0,0.08,0.71255,0.92,0.92,3.0,0.0,0.0005002501250625312,0.0,1999.0,1.0,0.21550999999999998,-0.0006850063999999934,HICHBA_h0.4,0.2,0,1962
1.0,0.025461489497135583,0.0,0.08,0.71255,0.32,0.32,3.0,1.0,0.0005002501250625312,0.0,1999.0,1.0,0.21550999999999998,0.0003487939000000051,HICHBA_h0.4,0.2,0,1900
1.0,0.025461489497135583,0.0,0.08,0.71255,0.72,0.72,3.0,1.0,0.0005002501250625312,0.0,1999.0,1.0,0.21550999999999998,-0.00016477609999999976,HICHBA_h0.4,0.2,0,1899
1.0,0.025461489497135583,0.0,0.08,0.71255,1.0,1.0,2.0,0.0,0.0005002501250625312,0.0,1999.0,1.0,-0.029089999999999172,-0.0005861999999999951,HICHBA_h0.4,0.2,0,1895
1.0,0.025461489497135583,0.0,0.08,0.71255,0.56,0.56,3.0,1.0,0.0005002501250625312,0.0,1999.0,1.0,0.21550999999999998,-0.0009088624999999961,HICHBA_h0.4,0.2,0,1837
1.0,0.025461489497135583,0.0,0.1,0.69255,0.44,0.44,3.0,1.0,0.0005002501250625312,0.0,1999.0,1.0,0.21550999999999998,-0.0003917440999999938,HICHBA_h0.4,0.2,0,1989
1.0,0.025461489497135583,0.0,0.1,0.69255,0.74,0.74,3.0,1.0,0.0005002501250625312,0.0,1999.0,1.0,0.21550999999999998,-0.001096422099999994,HICHBA_h0.4,0.2,0,1965
1.0,0.025461489497135583,0.0,0.04,0.7514299999999999,0.22,0.22,3.0,1.0,0.0005002501250625312,0.0,1999.0,1.0,0.21342999999999834,7.957759999999148e-05,HICHBA_h0.4,0.2,1,1941
1.0,0.025461489497135583,0.0,0.06,0.73143,0.56,0.56,3.0,1.0,0.0005002501250625312,0.0,1999.0,1.0,-0.1006099999999992,0.00020154070000000246,HICHBA_h0.4,0.2,1,1868
1.0,0.025461489497135583,0.0,0.06,0.73143,0.64,0.64,3.0,1.0,0.0005002501250625312,0.0,1999.0,1.0,-0.08204999999999973,-0.00034768490000000596,HICHBA_h0.4,0.2,1,1851
1.0,0.025461489497135583,0.0,0.1,0.69143,1.0,1.0,3.0,0.0,0.0005002501250625312,0.0,1999.0,1.0,0.21342999999999834,-0.0007379905000000075,HICHBA_h0.4,0.2,1,1998
1.0,0.025461489497135583,0.0,0.1,0.69143,1.0,1.0,3.0,0.0,0.0005002501250625312,0.0,1999.0,1.0,0.21342999999999834,4.975759999999163e-05,HICHBA_h0.4,0.2,1,1968
1.0,0.025461489497135583,0.0,0.1,0.69143,0.86,0.86,3.0,0.0,0.0005002501250625312,0.0,1999.0,1.0,0.21342999999999834,0.0008007592000000008,HICHBA_h0.4,0.2,1,1960
1.0,0.025461489497135583,0.0,0.1,0.69143,1.0,1.0,2.0,0.0,0.0005002501250625312,0.0,1999.0,1.0,-0.030769999999999187,7.62320000000094e-05,HICHBA_h0.4,0.2,1,1959
1.0,0.025461489497135583,0.0,0.1,0.69143,0.72,0.72,3.0,1.0,0.0005002501250625312,0.0,1999.0,1.0,0.21342999999999834,4.8283999999995664e-05,HICHBA_h0.4,0.2,1,1947
1.0,0.025461489497135583,0.0,0.1,0.69143,0.84,0.84,3.0,0.0,0.0005002501250625312,0.0,1999.0,1.0,0.21342999999999834,-0.0003982945000000071,HICHBA_h0.4,0.2,1,1936
1.0,0.025461489497135583,0.0,0.1,0.69143,0.88,0.88,3.0,0.0,0.0005002501250625312,0.0,1999.0,1.0,0.21342999999999834,-0.00017978529999999882,HICHBA_h0.4,0.2,1,1886
1.0,0.025461489497135583,0.0,0.0,0.7944,0.54,0.54,3.0,1.0,0.0005002501250625312,0.0,1999.0,1.0,0.21423999999999965,0.0004946016000000053,HICHBA_h0.4,0.2,2,1996
1.0,0.025461489497135583,0.0,0.0,0.7944,0.36,0.36,3.0,1.0,0.0005002501250625312,0.0,1999.0,1.0,0.21423999999999965,-0.0008474510999999935,HICHBA_h0.4,0.2,2,1883
1.0,0.025461489497135583,0.0,0.02,0.7744,0.2,0.2,3.0,1.0,0.0005002501250625312,0.0,1999.0,1.0,0.21423999999999965,0.0010156425000000108,HICHBA_h0.4,0.2,2,1941
1.0,0.025461489497135583,0.0,0.06,0.7343999999999999,1.0,1.0,3.0,0.0,0.0005002501250625312,0.0,1999.0,1.0,0.21423999999999965,0.00025537960000000803,HICHBA_h0.4,0.2,2,1998
1.0,0.025461489497135583,0.0,0.06,0.7343999999999999,1.0,1.0,2.0,0.0,0.0005002501250625312,0.0,1999.0,1.0,0.21423999999999965,0.0004009368999999957,HICHBA_h0.4,0.2,2,1991
1.0,0.025461489497135583,0.0,0.06,0.7343999999999999,0.72,0.72,3.0,1.0,0.0005002501250625312,0.0,1999.0,1.0,0.21423999999999965,0.00031712490000000704,HICHBA_h0.4,0.2,2,1947
1.0,0.025461489497135583,0.0,0.08,0.7144,0.78,0.78,3.0,1.0,0.0005002501250625312,0.0,1999.0,1.0,0.21423999999999965,1.6508900000017368e-05,HICHBA_h0.4,0.2,2,1936
1.0,0.025461489497135583,0.0,0.08,0.7144,1.0,1.0,2.0,0.0,0.0005002501250625312,0.0,1999.0,1.0,0.21423999999999965,-0.00016785239999998758,HICHBA_h0.4,0.2,2,1914
1.0,0.025461489497135583,0.0,0.08,0.7144,0.68,0.68,3.0,1.0,0.0005002501250625312,0.0,1999.0,1.0,0.21423999999999965,0.0002691025000000069,HICHBA_h0.4,0.2,2,1837
1.0,0.025461489497135583,0.0,0.1,0.6944,0.68,0.68,3.0,1.0,0.0005002501250625312,0.0,1999.0,1.0,0.21423999999999965,0.0010915299999999933,HICHBA_h0.4,0.2,2,1989
2.0,0.050922978994271166,0.0,0.04,0.75396,0.14,0.25,3.0,2.0,0.0010005002501250625,0.0,1999.0,1.0,0.20928000000000024,0.0011053912999999943,HICHBA_h0.4,0.2,3,1921
1.0,0.025461489497135583,0.0,0.06,0.73396,0.3,0.3,3.0,1.0,0.0005002501250625312,0.0,1999.0,1.0,0.20928000000000024,-0.0009635180000000104,HICHBA_h0.4,0.2,3,1941
1.0,0.025461489497135583,0.0,0.06,0.73396,0.42,0.42,3.0,1.0,0.0005002501250625312,0.0,1999.0,1.0,-0.07975999999999994,-0.0009112416000000151,HICHBA_h0.4,0.2,3,1851
1.0,0.025461489497135583,0.0,0.08,0.71396,0.48,0.48,3.0,1.0,0.0005002501250625312,0.0,1999.0,1.0,0.20928000000000024,-8.939200000002145e-06,HICHBA_h0.4,0.2,3,1905
1.0,0.025461489497135583,0.0,0.08,0.71396,0.86,0.86,3.0,0.0,0.0005002501250625312,0.0,1999.0,1.0,0.20928000000000024,-0.0008590080000000083,HICHBA_h0.4,0.2,3,1886
1.0,0.025461489497135583,0.0,0.1,0.69396,0.56,0.56,3.0,1.0,0.0005002501250625312,0.0,1999.0,1.0,0.20928000000000024,0.0001168624999999951,HICHBA_h0.4,0.2,3,1949
1.0,0.025461489497135583,0.0,0.1,0.69396,0.66,0.66,3.0,1.0,0.0005002501250625312,0.0,1999.0,1.0,0.20928000000000024,-0.0006033727000000072,HICHBA_h0.4,0.2,3,1947
1.0,0.025461489497135583,0.0,0.1,0.69396,1.0,1.0,3.0,0.0,0.0005002501250625312,0.0,1999.0,1.0,0.20928000000000024,-0.000899496700000002,HICHBA_h0.4,0.2,3,1903
1.0,0.025461489497135583,0.0,0.1,0.69396,0.7,0.7,3.0,1.0,0.0005002501250625312,0.0,1999.0,1.0,0.20928000000000024,-8.812160000000457e-05,HICHBA_h0.4,0.2,3,1818
2.0,0.050922978994271166,1.0,0.1,0.69396,0.14,0.41000000000000003,3.0,2.0,0.0010005002501250625,1.0,1999.0,1.0,0.20928000000000024,-0.00033588920000000855,HICHBA_h0.4,0.2,3,1813
1.0,0.025461489497135583,0.0,0.0,0.7942100000000001,0.22,0.22,3.0,1.0,0.0005002501250625312,0.0,1999.0,1.0,0.20788999999999924,0.0008802155000000172,HICHBA_h0.4,0.2,4,1941
1.0,0.025461489497135583,0.0,0.02,0.7742100000000001,0.6,0.6,3.0,1.0,0.0005002501250625312,0.0,1999.0,1.0,0.20788999999999924,1.3685500000013007e-05,HICHBA_h0.4,0.2,4,1818
1.0,0.025461489497135583,0.0,0.02,0.7742100000000001,0.56,0.56,3.0,1.0,0.0005002501250625312,0.0,1999.0,1.0,0.20788999999999924,0.0009496800000000222,HICHBA_h0.4,0.2,4,1665
1.0,0.025461489497135583,0.0,0.04,0.75421,0.86,0.86,3.0,0.0,0.0005002501250625312,0.0,1999.0,1.0,0.20788999999999924,0.0005095915000000173,HICHBA_h0.4,0.2,4,1952
1.0,0.025461489497135583,0.0,0.04,0.75421,0.58,0.58,3.0,1.0,0.0005002501250625312,0.0,1999.0,1.0,0.20788999999999924,7.820000000001437e-05,HICHBA_h0.4,0.2,4,1947
1.0,0.025461489497135583,0.0,0.04,0.75421,0.54,0.54,3.0,1.0,0.0005002501250625312,0.0,1999.0,1.0,0.20788999999999924,0.0006942984000000152,HICHBA_h0.4,0.2,4,1905
1.0,0.025461489497135583,0.0,0.06,0.73421,0.96,0.96,3.0,0.0,0.0005002501250625312,0.0,1999.0,1.0,0.20788999999999924,-0.000192127999999972,HICHBA_h0.4,0.2,4,1968
1.0,0.025461489497135583,0.0,0.06,0.73421,0.42,0.42,3.0,1.0,0.0005002501250625312,0.0,1999.0,1.0,-0.07903000000000049,0.0006497335000000132,HICHBA_h0.4,0.2,4,1851
1.0,0.025461489497135583,0.0,0.08,0.7142100000000001,1.0,1.0,2.0,0.0,0.0005002501250625312,0.0,1999.0,1.0,0.20788999999999924,0.0005255243000000243,HICHBA_h0.4,0.2,4,1961
1.0,0.025461489497135583,0.0,0.08,0.7142100000000001,0.88,0.88,3.0,0.0,0.0005002501250625312,0.0,1999.0,1.0,0.20788999999999924,0.0009731880000000137,HICHBA_h0.4,0.2,4,1907
1.0,0.025461489497135583,0.0,0.02,0.77464,0.4,0.4,3.0,1.0,0.0005002501250625312,0.0,1999.0,1.0,0.20983999999999914,0.0015091928999999837,HICHBA_h0.4,0.2,5,1905
1.0,0.025461489497135583,0.0,0.04,0.75464,0.38,0.38,3.0,1.0,0.0005002501250625312,0.0,1999.0,1.0,0.20983999999999914,0.0009702147999999938,HICHBA_h0.4,0.2,5,1996
1.0,0.025461489497135583,0.0,0.04,0.75464,0.68,0.68,3.0,1.0,0.0005002501250625312,0.0,1999.0,1.0,0.20983999999999914,0.00045542729999999143,HICHBA_h0.4,0.2,5,1936
1.0,0.025461489497135583,0.0,0.04,0.75464,0.66,0.66,3.0,1.0,0.0005002501250625312,0.0,1999.0,1.0,0.20983999999999914,0.0012368472999999963,HICHBA_h0.4,0.2,5,1817
1.0,0.025461489497135583,0.0,0.06,0.73464,0.14,0.14,3.0,1.0,0.0005002501250625312,0.0,1999.0,1.0,0.20983999999999914,0.0006263279999999816,HICHBA_h0.4,0.2,5,1941
1.0,0.025461489497135583,0.0,0.06,0.73464,0.68,0.68,3.0,1.0,0.0005002501250625312,0.0,1999.0,1.0,-0.10335999999999945,-0.00039710470000001163,HICHBA_h0.4,0.2,5,1868
1.0,0.025461489497135583,0.0,0.08,0.71464,1.0,1.0,2.0,0.0,0.0005002501250625312,0.0,1999.0,1.0,-0.07971999999999946,0.0007547103999999971,HICHBA_h0.4,0.2,5,1981
1.0,0.025461489497135583,0.0,0.08,0.71464,0.62,0.62,3.0,1.0,0.0005002501250625312,0.0,1999.0,1.0,0.20983999999999914,0.0010672728999999853,HICHBA_h0.4,0.2,5,1947
1.0,0.025461489497135583,0.0,0.08,0.71464,0.5,0.5,3.0,1.0,0.0005002501250625312,0.0,1999.0,1.0,0.20983999999999914,0.001061337999999995,HICHBA_h0.4,0.2,5,1883
1.0,0.025461489497135583,0.0,0.08,0.71464,0.62,0.62,3.0,1.0,0.0005002501250625312,0.0,1999.0,1.0,-0.07971999999999946,0.0009395312999999905,HICHBA_h0.4,0.2,5,1851
1.0,0.025461489497135583,0.0,0.0,0.79595,0.26,0.26,3.0,1.0,0.0005002501250625312,0.0,1999.0,1.0,0.2030700000000003,-0.0009345095999999942,HICHBA_h0.4,0.2,6,1941
1.0,0.025461489497135583,0.0,0.06,0.7359500000000001,0.48,0.48,3.0,1.0,0.0005002501250625312,0.0,1999.0,1.0,0.2030700000000003,-0.0001596216000000067,HICHBA_h0.4,0.2,6,1996
1.0,0.025461489497135583,0.0,0.08,0.7159500000000001,0.72,0.72,3.0,1.0,0.0005002501250625312,0.0,1999.0,1.0,0.2030700000000003,0.0003233775999999938,HICHBA_h0.4,0.2,6,1969
1.0,0.025461489497135583,0.0,0.08,0.7159500000000001,0.8,0.8,3.0,0.0,0.0005002501250625312,0.0,1999.0,1.0,0.2030700000000003,-0.00051112410000001,HICHBA_h0.4,0.2,6,1936
1.0,0.025461489497135583,0.0,0.08,0.7159500000000001,0.8,0.8,3.0,0.0,0.0005002501250625312,0.0,1999.0,1.0,0.2030700000000003,0.00022004109999999855,HICHBA_h0.4,0.2,6,1837
1.0,0.025461489497135583,0.0,0.08,0.7159500000000001,0.64,0.64,3.0,1.0,0.0005002501250625312,0.0,1999.0,1.0,0.2030700000000003,-0.0008572280999999959,HICHBA_h0.4,0.2,6,1818
1.0,0.025461489497135583,0.0,0.1,0.6959500000000001,1.0,1.0,2.0,0.0,0.0005002501250625312,0.0,1999.0,1.0,0.2030700000000003,-0.00013974560000001857,HICHBA_h0.4,0.2,6,1974
1.0,0.025461489497135583,0.0,0.1,0.6959500000000001,0.5,0.5,3.0,1.0,0.0005002501250625312,0.0,1999.0,1.0,-0.1007699999999998,0.0005026075000000019,HICHBA_h0.4,0.2,6,1868
1.0,0.025461489497135583,0.0,0.1,0.6959500000000001,0.56,0.56,3.0,1.0,0.0005002501250625312,0.0,1999.0,1.0,-0.07600999999999969,-0.0008899621000000024,HICHBA_h0.4,0.2,6,1851
1.0,0.025461489497135583,0.0,0.1,0.6959500000000001,1.0,1.0,2.0,0.0,0.0005002501250625312,0.0,1999.0,1.0,0.2030700000000003,0.00019164750000000286,HICHBA_h0.4,0.2,6,1840
1.0,0.025461489497135583,0.0,0.04,0.75564,1.0,1.0,2.0,0.0,0.0005002501250625312,0.0,1999.0,1.0,0.20787999999999907,0.000768534500000001,HICHBA_h0.4,0.2,7,1910
1.0,0.025461489497135583,0.0,0.04,0.75564,0.58,0.58,3.0,1.0,0.0005002501250625312,0.0,1999.0,1.0,0.20787999999999907,-0.00024756919999999183,HICHBA_h0.4,0.2,7,1665
1.0,0.025461489497135583,0.0,0.06,0.7356400000000001,1.0,1.0,3.0,0.0,0.0005002501250625312,0.0,1999.0,1.0,0.20787999999999907,-0.00057210399999999,HICHBA_h0.4,0.2,7,1944
1.0,0.025461489497135583,0.0,0.06,0.7356400000000001,0.12,0.12,3.0,1.0,0.0005002501250625312,0.0,1999.0,1.0,0.20787999999999907,-0.0003250070999999827,HICHBA_h0.4,0.2,7,1941
1.0,0.025461489497135583,0.0,0.08,0.71564,0.9,0.9,3.0,0.0,0.0005002501250625312,0.0,1999.0,1.0,0.20787999999999907,-8.88606999999847e-05,HICHBA_h0.4,0.2,7,1992
1.0,0.025461489497135583,0.0,0.08,0.71564,1.0,1.0,3.0,0.0,0.0005002501250625312,0.0,1999.0,1.0,0.20787999999999907,0.0010626833000000058,HICHBA_h0.4,0.2,7,1987
1.0,0.025461489497135583,0.0,0.08,0.71564,0.5,0.5,3.0,1.0,0.0005002501250625312,0.0,1999.0,1.0,0.20787999999999907,0.0009000129000000107,HICHBA_h0.4,0.2,7,1949
1.0,0.025461489497135583,0.0,0.08,0.71564,1.0,1.0,2.0,0.0,0.0005002501250625312,0.0,1999.0,1.0,0.20787999999999907,-0.00035084959999998055,HICHBA_h0.4,0.2,7,1914
1.0,0.025461489497135583,0.0,0.08,0.71564,0.78,0.78,3.0,1.0,0.0005002501250625312,0.0,1999.0,1.0,0.20787999999999907,-0.00026454709999999826,HICHBA_h0.4,0.2,7,1901
1.0,0.025461489497135583,0.0,0.1,0.69564,0.44,0.44,3.0,1.0,0.0005002501250625312,0.0,1999.0,1.0,0.20787999999999907,0.0002765908000000178,HICHBA_h0.4,0.2,7,1996
1.0,0.025461489497135583,0.0,0.02,0.7755099999999999,1.0,1.0,2.0,0.0,0.0005002501250625312,0.0,1999.0,1.0,0.20482999999999918,-0.0003121191999999884,HICHBA_h0.4,0.2,8,1878
1.0,0.025461489497135583,0.0,0.04,0.7555099999999999,0.2,0.2,3.0,1.0,0.0005002501250625312,0.0,1999.0,1.0,0.20482999999999918,-0.000814324499999991,HICHBA_h0.4,0.2,8,1941
1.0,0.025461489497135583,0.0,0.06,0.7355099999999999,0.5,0.5,3.0,1.0,0.0005002501250625312,0.0,1999.0,1.0,-0.07700999999999925,-5.4111999999856275e-06,HICHBA_h0.4,0.2,8,1851
1.0,0.025461489497135583,0.0,0.06,0.7355099999999999,0.66,0.66,3.0,1.0,0.0005002501250625312,0.0,1999.0,1.0,0.20482999999999918,0.0006010323000000123,HICHBA_h0.4,0.2,8,1817
1.0,0.025461489497135583,0.0,0.08,0.71551,0.48,0.48,3.0,1.0,0.0005002501250625312,0.0,1999.0,1.0,0.20482999999999918,0.0006218424000000167,HICHBA_h0.4,0.2,8,1996
1.0,0.025461489497135583,0.0,0.08,0.71551,1.0,1.0,2.0,0.0,0.0005002501250625312,0.0,1999.0,1.0,0.20482999999999918,0.0009035800000000149,HICHBA_h0.4,0.2,8,1971
2.0,0.050922978994271166,1.0,0.08,0.71551,0.18,0.43000000000000005,3.0,2.0,0.0010005002501250625,1.0,1999.0,1.0,0.20482999999999918,8.097200000001248e-05,HICHBA_h0.4,0.2,8,1857
1.0,0.025461489497135583,0.0,0.08,0.71551,0.64,0.64,3.0,1.0,0.0005002501250625312,0.0,1999.0,1.0,0.20482999999999918,0.00044637950000001037,HICHBA_h0.4,0.2,8,1665
1.0,0.025461489497135583,0.0,0.1,0.69551,1.0,1.0,3.0,0.0,0.0005002501250625312,0.0,1999.0,1.0,-0.024650000000000172,2.8642400000000734e-05,HICHBA_h0.4,0.2,8,1983
1.0,0.025461489497135583,0.0,0.1,0.69551,0.6,0.6,3.0,1.0,0.0005002501250625312,0.0,1999.0,1.0,0.20482999999999918,0.00020909200000000794,HICHBA_h0.4,0.2,8,1947
1.0,0.025461489497135583,0.0,0.02,0.7739400000000001,0.54,0.54,3.0,1.0,0.0005002501250625312,0.0,1999.0,1.0,0.20861999999999958,0.0019537708000000042,HICHBA_h0.4,0.2,9,1996
1.0,0.025461489497135583,0.0,0.04,0.75394,1.0,1.0,3.0,0.0,0.0005002501250625312,0.0,1999.0,1.0,0.20861999999999958,0.0022814789000000085,HICHBA_h0.4,0.2,9,1903
1.0,0.025461489497135583,0.0,0.06,0.73394,0.62,0.62,3.0,1.0,0.0005002501250625312,0.0,1999.0,1.0,0.20861999999999958,0.0014006560000000001,HICHBA_h0.4,0.2,9,1949
1.0,0.025461489497135583,0.0,0.06,0.73394,0.22,0.22,3.0,1.0,0.0005002501250625312,0.0,1999.0,1.0,0.20861999999999958,0.002023999999999998,HICHBA_h0.4,0.2,9,1941
1.0,0.025461489497135583,0.0,0.06,0.73394,1.0,1.0,2.0,0.0,0.0005002501250625312,0.0,1999.0,1.0,0.20861999999999958,0.0009225867999999998,HICHBA_h0.4,0.2,9,1919
1.0,0.025461489497135583,0.0,0.08,0.7139400000000001,0.72,0.72,3.0,1.0,0.0005002501250625312,0.0,1999.0,1.0,0.20861999999999958,0.002478764500000008,HICHBA_h0.4,0.2,9,1999
1.0,0.025461489497135583,0.0,0.08,0.7139400000000001,0.8,0.8,3.0,0.0,0.0005002501250625312,0.0,1999.0,1.0,0.20861999999999958,0.0032087085000000043,HICHBA_h0.4,0.2,9,1969
1.0,0.025461489497135583,0.0,0.08,0.7139400000000001,0.68,0.68,3.0,1.0,0.0005002501250625312,0.0,1999.0,1.0,0.20861999999999958,0.0010716348000000125,HICHBA_h0.4,0.2,9,1817
1.0,0.025461489497135583,0.0,0.1,0.6939400000000001,1.0,1.0,2.0,0.0,0.0005002501250625312,0.0,1999.0,1.0,0.20861999999999958,0.0036336140000000072,HICHBA_h0.4,0.2,9,1914
1.0,0.025461489497135583,0.0,0.1,0.6939400000000001,0.8,0.8,3.0,0.0,0.0005002501250625312,0.0,1999.0,1.0,0.20861999999999958,0.0013089693000000041,HICHBA_h0.4,0.2,9,1901
1.0,0.02523468254769355,0.0,0.0,0.6566799999999999,0.08,0.08,3.0,1.0,0.0005002501250625312,0.0,1999.0,1.0,0.2572491056910569,-0.00026446200000000697,HICHBA_h0.6,0.1,0,1993
1.0,0.02523468254769355,0.0,0.0,0.6566799999999999,0.26,0.26,3.0,1.0,0.0005002501250625312,0.0,1999.0,1.0,0.2572491056910569,0.0009956991999999915,HICHBA_h0.6,0.1,0,1981
1.0,0.02523468254769355,0.0,0.0,0.6566799999999999,0.54,0.54,3.0,1.0,0.0005002501250625312,0.0,1999.0,1.0,0.2572491056910569,0.0007850511999999976,HICHBA_h0.6,0.1,0,1978
1.0,0.02523468254769355,0.0,0.0,0.6566799999999999,0.04,0.04,4.0,1.0,0.0005002501250625312,0.0,1997.0,1.0,0.2572491056910569,0.0009919256999999931,HICHBA_h0.6,0.1,0,1976
1.0,0.02523468254769355,0.0,0.0,0.6566799999999999,0.02,0.02,4.0,1.0,0.0005002501250625312,0.0,1999.0,1.0,0.2572491056910569,-3.326239999999758e-05,HICHBA_h0.6,0.1,0,1975
1.0,0.02523468254769355,0.0,0.0,0.6566799999999999,0.3,0.3,4.0,1.0,0.0005002501250625312,0.0,1999.0,1.0,0.2572491056910569,0.0014560831999999996,HICHBA_h0.6,0.1,0,1945
1.0,0.02523468254769355,0.0,0.0,0.6566799999999999,0.04,0.04,4.0,1.0,0.0005002501250625312,0.0,1999.0,1.0,0.2572491056910569,4.865919999999524e-05,HICHBA_h0.6,0.1,0,1939
1.0,0.02523468254769355,0.0,0.0,0.6566799999999999,1.0,1.0,2.0,0.0,0.0005002501250625312,0.0,1999.0,1.0,0.2572491056910569,-1.6159900000006777e-05,HICHBA_h0.6,0.1,0,1938
1.0,0.02523468254769355,0.0,0.0,0.6566799999999999,0.06,0.06,4.0,1.0,0.0005002501250625312,0.0,1996.0,1.0,0.2572491056910569,-0.00011064550000000617,HICHBA_h0.6,0.1,0,1928
1.0,0.02523468254769355,0.0,0.0,0.6566799999999999,0.16,0.16,3.0,1.0,0.0005002501250625312,0.0,1999.0,1.0,0.2572491056910569,0.0005516505000000005,HICHBA_h0.6,0.1,0,1900
1.0,0.02523468254769355,0.0,0.0,0.65743,0.26,0.26,3.0,1.0,0.0005002501250625312,0.0,1999.0,1.0,0.25808040650406483,-0.0001665824999999982,HICHBA_h0.6,0.1,1,1997
1.0,0.02523468254769355,0.0,0.0,0.65743,0.14,0.14,3.0,1.0,0.0005002501250625312,0.0,1999.0,1.0,0.25808040650406483,-0.00012393130000000474,HICHBA_h0.6,0.1,1,1996
1.0,0.02523468254769355,0.0,0.0,0.65743,0.26,0.26,3.0,1.0,0.0005002501250625312,0.0,1999.0,1.0,0.25808040650406483,0.00015057470000000295,HICHBA_h0.6,0.1,1,1993
1.0,0.02523468254769355,0.0,0.0,0.65743,0.06,0.06,4.0,1.0,0.0005002501250625312,0.0,1997.0,1.0,0.25808040650406483,0.0011363214999999954,HICHBA_h0.6,0.1,1,1976
1.0,0.02523468254769355,0.0,0.0,0.65743,0.04,0.04,4.0,1.0,0.0005002501250625312,0.0,1999.0,1.0,0.25808040650406483,-0.0008934847999999967,HICHBA_h0.6,0.1,1,1975
1.0,0.02523468254769355,0.0,0.0,0.65743,0.06,0.06,4.0,1.0,0.0005002501250625312,0.0,1999.0,1.0,0.25808040650406483,-0.0001500359999999923,HICHBA_h0.6,0.1,1,1939
1.0,0.02523468254769355,0.0,0.0,0.65743,0.06,0.06,4.0,1.0,0.0005002501250625312,0.0,1996.0,1.0,0.25808040650406483,0.0010113480000000091,HICHBA_h0.6,0.1,1,1928
1.0,0.02523468254769355,0.0,0.0,0.65743,0.18,0.18,4.0,1.0,0.0005002501250625312,0.0,1998.0,1.0,0.25808040650406483,-0.00044769279999999634,HICHBA_h0.6,0.1,1,1890
1.0,0.02523468254769355,0.0,0.0,0.65743,0.2,0.2,4.0,1.0,0.0005002501250625312,0.0,1999.0,1.0,0.25808040650406483,0.00011351760000000155,HICHBA_h0.6,0.1,1,1876
2.0,0.0504693650953871,0.0,0.0,0.65743,0.0,0.08,3.0,2.0,0.0010005002501250625,0.0,1999.0,1.0,0.25808040650406483,0.0006069000000000074,HICHBA_h0.6,0.1,1,1873
1.0,0.02523468254769355,0.0,0.0,0.65612,0.34,0.34,3.0,1.0,0.0005002501250625312,0.0,1999.0,1.0,0.25294926829268277,0.000987025999999988,HICHBA_h0.6,0.1,2,1998
1.0,0.02523468254769355,0.0,0.0,0.65612,0.2,0.2,3.0,1.0,0.0005002501250625312,0.0,1999.0,1.0,0.25294926829268277,0.000845189199999985,HICHBA_h0.6,0.1,2,1997
1.0,0.02523468254769355,0.0,0.0,0.65612,0.22,0.22,3.0,1.0,0.0005002501250625312,0.0,1999.0,1.0,0.25294926829268277,0.0010719864999999829,HICHBA_h0.6,0.1,2,1993
1.0,0.02523468254769355,0.0,0.0,0.65612,0.22,0.22,4.0,1.0,0.0005002501250625312,0.0,1999.0,1.0,0.25294926829268277,0.001349683199999993,HICHBA_h0.6,0.1,2,1980
1.0,0.02523468254769355,0.0,0.0,0.65612,0.08,0.08,4.0,1.0,0.0005002501250625312,0.0,1999.0,1.0,0.25294926829268277,0.0018649080999999929,HICHBA_h0.6,0.1,2,1975
1.0,0.02523468254769355,0.0,0.0,0.65612,0.14,0.14,4.0,1.0,0.0005002501250625312,0.0,1998.0,1.0,0.25294926829268277,0.0008412296999999735,HICHBA_h0.6,0.1,2,1973
1.0,0.02523468254769355,0.0,0.0,0.65612,0.44,0.44,3.0,1.0,0.0005002501250625312,0.0,1999.0,1.0,0.25294926829268277,0.0016423784999999858,HICHBA_h0.6,0.1,2,1967
1.0,0.02523468254769355,0.0,0.0,0.65612,0.84,0.84,3.0,0.0,0.0005002501250625312,0.0,1999.0,1.0,0.25294926829268277,0.0008872191999999834,HICHBA_h0.6,0.1,2,1965
1.0,0.02523468254769355,0.0,0.0,0.65612,0.06,0.06,4.0,1.0,0.0005002501250625312,0.0,1999.0,1.0,0.25294926829268277,0.0006097151999999856,HICHBA_h0.6,0.1,2,1939
1.0,0.02523468254769355,0.0,0.0,0.65612,0.06,0.06,4.0,1.0,0.0005002501250625312,0.0,1996.0,1.0,0.25294926829268277,0.0007113480999999949,HICHBA_h0.6,0.1,2,1928
1.0,0.02523468254769355,0.0,0.0,0.6580499999999999,0.34,0.34,3.0,1.0,0.0005002501250625312,0.0,1999.0,1.0,0.25491991869918673,0.0008093158999999961,HICHBA_h0.6,0.1,3,1998
1.0,0.02523468254769355,0.0,0.0,0.6580499999999999,0.22,0.22,3.0,1.0,0.0005002501250625312,0.0,1999.0,1.0,0.25491991869918673,0.0007618090999999966,HICHBA_h0.6,0.1,3,1997
1.0,0.02523468254769355,0.0,0.0,0.6580499999999999,0.12,0.12,4.0,1.0,0.0005002501250625312,0.0,1999.0,1.0,0.25491991869918673,0.000697619999999996,HICHBA_h0.6,0.1,3,1991
1.0,0.02523468254769355,0.0,0.0,0.6580499999999999,0.14,0.14,4.0,1.0,0.0005002501250625312,0.0,1998.0,1.0,0.25491991869918673,0.00020008239999999566,HICHBA_h0.6,0.1,3,1973
1.0,0.02523468254769355,0.0,0.0,0.6580499999999999,0.24,0.24,3.0,1.0,0.0005002501250625312,0.0,1999.0,1.0,0.25491991869918673,-0.00021823999999999455,HICHBA_h0.6,0.1,3,1968
1.0,0.02523468254769355,0.0,0.0,0.6580499999999999,0.92,0.92,3.0,0.0,0.0005002501250625312,0.0,1999.0,1.0,0.25491991869918673,0.0006754890999999957,HICHBA_h0.6,0.1,3,1950
1.0,0.02523468254769355,0.0,0.0,0.6580499999999999,0.06,0.06,4.0,1.0,0.0005002501250625312,0.0,1999.0,1.0,0.25491991869918673,-0.0002590741000000063,HICHBA_h0.6,0.1,3,1939
1.0,0.02523468254769355,0.0,0.0,0.6580499999999999,0.0,0.0,4.0,1.0,0.0005002501250625312,0.0,1996.0,1.0,0.25491991869918673,0.001074939900000002,HICHBA_h0.6,0.1,3,1928
1.0,0.02523468254769355,0.0,0.0,0.6580499999999999,0.32,0.32,3.0,1.0,0.0005002501250625312,0.0,1999.0,1.0,0.25491991869918673,-0.0005459701000000011,HICHBA_h0.6,0.1,3,1916
1.0,0.02523468254769355,0.0,0.0,0.6580499999999999,0.04,0.04,4.0,1.0,0.0005002501250625312,0.0,1998.0,1.0,0.25491991869918673,0.0017697383999999844,HICHBA_h0.6,0.1,3,1890
1.0,0.02523468254769355,0.0,0.0,0.65764,0.9,0.9,3.0,0.0,0.0005002501250625312,0.0,1999.0,1.0,0.24898146341463417,0.0005517619999999973,HICHBA_h0.6,0.1,4,1995
1.0,0.02523468254769355,0.0,0.0,0.65764,0.32,0.32,4.0,1.0,0.0005002501250625312,0.0,1999.0,1.0,0.24898146341463417,-0.000304972700000003,HICHBA_h0.6,0.1,4,1991
1.0,0.02523468254769355,0.0,0.0,0.65764,0.12,0.12,4.0,1.0,0.0005002501250625312,0.0,1998.0,1.0,0.24898146341463417,-0.00030366069999999967,HICHBA_h0.6,0.1,4,1973
1.0,0.02523468254769355,0.0,0.0,0.65764,0.22,0.22,3.0,1.0,0.0005002501250625312,0.0,1999.0,1.0,0.24898146341463417,-0.0009882694999999997,HICHBA_h0.6,0.1,4,1968
1.0,0.02523468254769355,0.0,0.0,0.65764,0.06,0.06,4.0,1.0,0.0005002501250625312,0.0,1999.0,1.0,0.24898146341463417,9.399040000000747e-05,HICHBA_h0.6,0.1,4,1939
1.0,0.02523468254769355,0.0,0.0,0.65764,0.06,0.06,4.0,1.0,0.0005002501250625312,0.0,1996.0,1.0,0.24898146341463417,6.30024999999923e-05,HICHBA_h0.6,0.1,4,1928
1.0,0.02523468254769355,0.0,0.0,0.65764,0.12,0.12,3.0,1.0,0.0005002501250625312,0.0,1999.0,1.0,0.24898146341463417,-0.00018403349999999985,HICHBA_h0.6,0.1,4,1900
1.0,0.02523468254769355,0.0,0.0,0.65764,0.44,0.44,3.0,1.0,0.0005002501250625312,0.0,1999.0,1.0,0.24898146341463417,-6.80779999999992e-05,HICHBA_h0.6,0.1,4,1899
1.0,0.02523468254769355,0.0,0.0,0.65764,0.36,0.36,3.0,1.0,0.0005002501250625312,0.0,1999.0,1.0,0.24898146341463417,0.0007552105000000059,HICHBA_h0.6,0.1,4,1885
1.0,0.02523468254769355,0.0,0.0,0.65764,0.1,0.1,4.0,1.0,0.0005002501250625312,0.0,1999.0,1.0,0.24898146341463417,0.001281262800000002,HICHBA_h0.6,0.1,4,1876
1.0,0.02523468254769355,0.0,0.0,0.66096,0.14,0.14,3.0,1.0,0.0005002501250625312,0.0,1999.0,1.0,0.24652910569105707,-0.000981093500000002,HICHBA_h0.6,0.1,5,1996
1.0,0.02523468254769355,0.0,0.0,0.66096,0.16,0.16,4.0,1.0,0.0005002501250625312,0.0,1999.0,1.0,0.24652910569105707,0.0005130019999999985,HICHBA_h0.6,0.1,5,1991
2.0,0.0504693650953871,1.0,0.0,0.66096,0.1,0.3,3.0,2.0,0.0010005002501250625,1.0,1999.0,1.0,0.24652910569105707,0.0006651864999999979,HICHBA_h0.6,0.1,5,1957
1.0,0.02523468254769355,0.0,0.0,0.66096,0.12,0.12,3.0,1.0,0.0005002501250625312,0.0,1998.0,1.0,0.24652910569105707,0.00043991679999999533,HICHBA_h0.6,0.1,5,1955
1.0,0.02523468254769355,0.0,0.0,0.66096,0.02,0.02,4.0,1.0,0.0005002501250625312,0.0,1996.0,1.0,0.24652910569105707,0.0011700032999999999,HICHBA_h0.6,0.1,5,1928
1.0,0.02523468254769355,0.0,0.02,0.64096,0.12,0.12,3.0,1.0,0.0005002501250625312,0.0,1999.0,1.0,0.24652910569105707,-0.00022988949999999675,HICHBA_h0.6,0.1,5,1997
1.0,0.02523468254769355,0.0,0.02,0.64096,0.16,0.16,3.0,1.0,0.0005002501250625312,0.0,1999.0,1.0,0.24652910569105707,0.0011033312999999961,HICHBA_h0.6,0.1,5,1993
1.0,0.02523468254769355,0.0,0.02,0.64096,0.46,0.46,3.0,1.0,0.0005002501250625312,0.0,1999.0,1.0,0.24652910569105707,0.0010872832999999915,HICHBA_h0.6,0.1,5,1990
1.0,0.02523468254769355,0.0,0.02,0.64096,0.4,0.4,4.0,1.0,0.0005002501250625312,0.0,1999.0,1.0,0.24652910569105707,0.0004320112999999931,HICHBA_h0.6,0.1,5,1980
1.0,0.02523468254769355,0.0,0.02,0.64096,0.3,0.3,3.0,1.0,0.0005002501250625312,0.0,1999.0,1.0,0.24652910569105707,0.0006424547999999974,HICHBA_h0.6,0.1,5,1978
1.0,0.02523468254769355,0.0,0.0,0.66226,0.4,0.4,3.0,1.0,0.0005002501250625312,0.0,1999.0,1.0,0.24969902439024405,-0.0010474740000000066,HICHBA_h0.6,0.1,6,1998
1.0,0.02523468254769355,0.0,0.0,0.66226,0.08,0.08,3.0,1.0,0.0005002501250625312,0.0,1999.0,1.0,0.24969902439024405,-0.0008300992000000174,HICHBA_h0.6,0.1,6,1996
1.0,0.02523468254769355,0.0,0.0,0.66226,0.28,0.28,3.0,1.0,0.0005002501250625312,0.0,1999.0,1.0,0.24969902439024405,-0.0005270475000000163,HICHBA_h0.6,0.1,6,1993
1.0,0.02523468254769355,0.0,0.0,0.66226,0.48,0.48,3.0,1.0,0.0005002501250625312,0.0,1999.0,1.0,0.24969902439024405,4.0404499999993626e-05,HICHBA_h0.6,0.1,6,1986
1.0,0.02523468254769355,0.0,0.0,0.66226,0.2,0.2,3.0,1.0,0.0005002501250625312,0.0,1999.0,1.0,0.24969902439024405,-0.0005563940000000156,HICHBA_h0.6,0.1,6,1981
1.0,0.02523468254769355,0.0,0.0,0.66226,0.34,0.34,3.0,1.0,0.0005002501250625312,0.0,1999.0,1.0,0.24969902439024405,-0.0013415840000000206,HICHBA_h0.6,0.1,6,1978
1.0,0.02523468254769355,0.0,0.0,0.66226,0.08,0.08,4.0,1.0,0.0005002501250625312,0.0,1999.0,1.0,0.24969902439024405,-0.0012677312000000107,HICHBA_h0.6,0.1,6,1939
1.0,0.02523468254769355,0.0,0.0,0.66226,0.0,0.0,3.0,1.0,0.0005002501250625312,0.0,1999.0,1.0,0.24969902439024405,-0.0006300051000000112,HICHBA_h0.6,0.1,6,1900
1.0,0.02523468254769355,0.0,0.0,0.66226,0.66,0.66,3.0,1.0,0.0005002501250625312,0.0,1999.0,1.0,0.24969902439024405,-0.001004722700000002,HICHBA_h0.6,0.1,6,1872
1.0,0.02523468254769355,0.0,0.0,0.66226,0.26,0.26,3.0,1.0,0.0005002501250625312,0.0,1999.0,1.0,-0.1415399999999991,-0.00042848320000000995,HICHBA_h0.6,0.1,6,1852
1.0,0.02523468254769355,0.0,0.0,0.66112,0.14,0.14,3.0,1.0,0.0005002501250625312,0.0,1999.0,1.0,0.24774601626016285,-9.524799999993672e-06,HICHBA_h0.6,0.1,7,1997
1.0,0.02523468254769355,0.0,0.0,0.66112,0.18,0.18,3.0,1.0,0.0005002501250625312,0.0,1999.0,1.0,0.24774601626016285,-0.0008222222999999806,HICHBA_h0.6,0.1,7,1981
1.0,0.02523468254769355,0.0,0.0,0.66112,0.08,0.08,4.0,1.0,0.0005002501250625312,0.0,1998.0,1.0,0.24774601626016285,-0.0004177147999999964,HICHBA_h0.6,0.1,7,1973
1.0,0.02523468254769355,0.0,0.0,0.66112,0.22,0.22,3.0,1.0,0.0005002501250625312,0.0,1999.0,1.0,0.24774601626016285,-0.00013149279999997987,HICHBA_h0.6,0.1,7,1968
1.0,0.02523468254769355,0.0,0.0,0.66112,0.1,0.1,4.0,1.0,0.0005002501250625312,0.0,1999.0,1.0,0.24774601626016285,-0.0006780187999999854,HICHBA_h0.6,0.1,7,1939
1.0,0.02523468254769355,0.0,0.0,0.66112,0.2,0.2,3.0,1.0,0.0005002501250625312,0.0,1999.0,1.0,-0.1419199999999995,-0.0007697439999999889,HICHBA_h0.6,0.1,7,1852
1.0,0.02523468254769355,0.0,0.0,0.66112,1.0,1.0,2.0,0.0,0.0005002501250625312,0.0,1999.0,1.0,0.24774601626016285,-0.0011310622999999853,HICHBA_h0.6,0.1,7,1844
1.0,0.02523468254769355,0.0,0.02,0.64112,0.18,0.18,3.0,1.0,0.0005002501250625312,0.0,1999.0,1.0,0.24774601626016285,-0.0006646494999999891,HICHBA_h0.6,0.1,7,1996
1.0,0.02523468254769355,0.0,0.02,0.64112,0.74,0.74,3.0,0.0,0.0005002501250625312,0.0,1999.0,1.0,0.24774601626016285,9.978000000007703e-06,HICHBA_h0.6,0.1,7,1992
1.0,0.02523468254769355,0.0,0.02,0.64112,0.26,0.26,4.0,1.0,0.0005002501250625312,0.0,1999.0,1.0,0.24774601626016285,6.699560000002214e-05,HICHBA_h0.6,0.1,7,1991
1.0,0.02523468254769355,0.0,0.0,0.6603,0.2,0.2,4.0,1.0,0.0005002501250625312,0.0,1999.0,1.0,0.24444634146341426,-0.0008823611000000203,HICHBA_h0.6,0.1,8,1980
1.0,0.02523468254769355,0.0,0.0,0.6603,1.0,1.0,2.0,0.0,0.0005002501250625312,0.0,1999.0,0.0,0.24444634146341426,0.00030644159999999865,HICHBA_h0.6,0.1,8,1979
1.0,0.02523468254769355,0.0,0.0,0.6603,0.38,0.38,3.0,1.0,0.0005002501250625312,0.0,1999.0,1.0,0.24444634146341426,-0.0009257218999999955,HICHBA_h0.6,0.1,8,1966
1.0,0.02523468254769355,0.0,0.0,0.6603,0.08,0.08,4.0,1.0,0.0005002501250625312,0.0,1999.0,1.0,0.24444634146341426,-9.332110000000171e-05,HICHBA_h0.6,0.1,8,1939
1.0,0.02523468254769355,0.0,0.0,0.6603,0.8,0.8,3.0,0.0,0.0005002501250625312,0.0,1999.0,1.0,0.24444634146341426,-0.000584527500000015,HICHBA_h0.6,0.1,8,1917
1.0,0.02523468254769355,0.0,0.0,0.6603,0.44,0.44,3.0,1.0,0.0005002501250625312,0.0,1999.0,1.0,0.24444634146341426,-4.80674999999986e-05,HICHBA_h0.6,0.1,8,1916
1.0,0.02523468254769355,0.0,0.0,0.6603,0.12,0.12,3.0,1.0,0.0005002501250625312,0.0,1999.0,1.0,0.24444634146341426,0.00014665010000000644,HICHBA_h0.6,0.1,8,1900
1.0,0.02523468254769355,0.0,0.0,0.6603,0.14,0.14,3.0,1.0,0.0005002501250625312,0.0,1999.0,1.0,-0.13829999999999865,-0.001292645900000014,HICHBA_h0.6,0.1,8,1852
1.0,0.02523468254769355,0.0,0.02,0.6403,0.28,0.28,3.0,1.0,0.0005002501250625312,0.0,1999.0,1.0,0.24444634146341426,0.0013070540999999825,HICHBA_h0.6,0.1,8,1996
1.0,0.02523468254769355,0.0,0.02,0.6403,0.1,0.1,3.0,1.0,0.0005002501250625312,0.0,1999.0,1.0,0.24444634146341426,8.405559999999368e-05,HICHBA_h0.6,0.1,8,1993
1.0,0.02523468254769355,0.0,0.0,0.66215,0.22,0.22,3.0,1.0,0.0005002501250625312,0.0,1999.0,1.0,0.24312560975609737,-0.001086998100000014,HICHBA_h0.6,0.1,9,1981
1.0,0.02523468254769355,0.0,0.0,0.66215,0.12,0.12,4.0,1.0,0.0005002501250625312,0.0,1998.0,1.0,0.24312560975609737,0.00013309439999999173,HICHBA_h0.6,0.1,9,1973
1.0,0.02523468254769355,0.0,0.0,0.66215,0.24,0.24,3.0,1.0,0.0005002501250625312,0.0,1998.0,1.0,0.24312560975609737,-0.0003083009000000164,HICHBA_h0.6,0.1,9,1955
1.0,0.02523468254769355,0.0,0.0,0.66215,0.06,0.06,4.0,1.0,0.0005002501250625312,0.0,1999.0,1.0,0.24312560975609737,-0.00019333840000000657,HICHBA_h0.6,0.1,9,1939
1.0,0.02523468254769355,0.0,0.0,0.66215,0.16,0.16,3.0,1.0,0.0005002501250625312,0.0,1999.0,1.0,0.24312560975609737,-0.0008165821000000045,HICHBA_h0.6,0.1,9,1900
1.0,0.02523468254769355,0.0,0.0,0.66215,0.24,0.24,3.0,1.0,0.0005002501250625312,0.0,1999.0,1.0,-0.1420499999999998,-0.0014778200000000186,HICHBA_h0.6,0.1,9,1852
1.0,0.02523468254769355,0.0,0.0,0.66215,1.0,1.0,3.0,0.0,0.0005002501250625312,0.0,1999.0,1.0,0.24312560975609737,-0.0008804625000000121,HICHBA_h0.6,0.1,9,1838
1.0,0.02523468254769355,0.0,0.02,0.64215,0.18,0.18,3.0,1.0,0.0005002501250625312,0.0,1999.0,1.0,0.24312560975609737,0.0005522399999999955,HICHBA_h0.6,0.1,9,1998
1.0,0.02523468254769355,0.0,0.02,0.64215,0.2,0.2,3.0,1.0,0.0005002501250625312,0.0,1999.0,1.0,0.24312560975609737,0.001042285599999998,HICHBA_h0.6,0.1,9,1993
1.0,0.02523468254769355,0.0,0.02,0.64215,1.0,1.0,1.0,0.0,0.0005002501250625312,0.0,1999.0,1.0,-0.0684405511811027,0.00027427999999998787,HICHBA_h0.6,0.1,9,1988
1.0,0.02523468254769355,0.0,0.0,0.79944,0.08,0.08,4.0,1.0,0.0005002501250625312,0.0,1996.0,1.0,0.20907414634146337,0.0007586432999999865,HICHBA_h0.6,0.2,0,1928
1.0,0.02523468254769355,0.0,0.02,0.77944,0.2,0.2,4.0,1.0,0.0005002501250625312,0.0,1999.0,1.0,0.20907414634146337,0.0007276113000000001,HICHBA_h0.6,0.2,0,1975
1.0,0.02523468254769355,0.0,0.04,0.75944,0.36,0.36,3.0,1.0,0.0005002501250625312,0.0,1999.0,1.0,0.20907414634146337,7.205479999999875e-05,HICHBA_h0.6,0.2,0,1993
1.0,0.02523468254769355,0.0,0.04,0.75944,0.28,0.28,3.0,1.0,0.0005002501250625312,0.0,1999.0,1.0,0.20907414634146337,0.0012522888999999954,HICHBA_h0.6,0.2,0,1900
1.0,0.02523468254769355,0.0,0.06,0.7394400000000001,0.26,0.26,4.0,1.0,0.0005002501250625312,0.0,1999.0,1.0,0.20907414634146337,0.00011349049999999361,HICHBA_h0.6,0.2,0,1991
1.0,0.02523468254769355,0.0,0.06,0.7394400000000001,0.26,0.26,4.0,1.0,0.0005002501250625312,0.0,1999.0,1.0,0.20907414634146337,0.0010957087999999976,HICHBA_h0.6,0.2,0,1939
1.0,0.02523468254769355,0.0,0.06,0.7394400000000001,0.66,0.66,3.0,1.0,0.0005002501250625312,0.0,1999.0,1.0,0.20907414634146337,0.0003370432999999923,HICHBA_h0.6,0.2,0,1885
1.0,0.02523468254769355,0.0,0.06,0.7394400000000001,0.34,0.34,3.0,1.0,0.0005002501250625312,0.0,1999.0,1.0,-0.10880000000000001,-0.0009292607000000036,HICHBA_h0.6,0.2,0,1852
1.0,0.02523468254769355,0.0,0.08,0.7194400000000001,0.36,0.36,3.0,1.0,0.0005002501250625312,0.0,1999.0,1.0,0.20907414634146337,0.00027333279999999793,HICHBA_h0.6,0.2,0,1998
1.0,0.02523468254769355,0.0,0.08,0.7194400000000001,0.72,0.72,3.0,1.0,0.0005002501250625312,0.0,1999.0,1.0,0.20907414634146337,0.00014631849999999225,HICHBA_h0.6,0.2,0,1978
1.0,0.02523468254769355,0.0,0.0,0.8005599999999999,0.2,0.2,4.0,1.0,0.0005002501250625312,0.0,1996.0,1.0,0.20771447154471467,0.0014273488999999862,HICHBA_h0.6,0.2,1,1928
1.0,0.02523468254769355,0.0,0.02,0.7805599999999999,0.3,0.3,4.0,1.0,0.0005002501250625312,0.0,1999.0,1.0,0.20771447154471467,0.0010569827999999948,HICHBA_h0.6,0.2,1,1876
1.0,0.02523468254769355,0.0,0.04,0.7605599999999999,0.5,0.5,3.0,1.0,0.0005002501250625312,0.0,1999.0,1.0,0.20771447154471467,0.000680802499999994,HICHBA_h0.6,0.2,1,1998
1.0,0.02523468254769355,0.0,0.04,0.7605599999999999,0.4,0.4,3.0,1.0,0.0005002501250625312,0.0,1999.0,1.0,0.20771447154471467,0.0014893359999999939,HICHBA_h0.6,0.2,1,1997
1.0,0.02523468254769355,0.0,0.04,0.7605599999999999,0.3,0.3,4.0,1.0,0.0005002501250625312,0.0,1997.0,1.0,0.20771447154471467,0.0021504463999999918,HICHBA_h0.6,0.2,1,1976
1.0,0.02523468254769355,0.0,0.04,0.7605599999999999,0.16,0.16,4.0,1.0,0.0005002501250625312,0.0,1999.0,1.0,0.20771447154471467,0.00040535399999999666,HICHBA_h0.6,0.2,1,1975
1.0,0.02523468254769355,0.0,0.04,0.7605599999999999,0.22,0.22,4.0,1.0,0.0005002501250625312,0.0,1998.0,1.0,0.20771447154471467,0.0009984608000000034,HICHBA_h0.6,0.2,1,1973
1.0,0.02523468254769355,0.0,0.04,0.7605599999999999,0.16,0.16,4.0,1.0,0.0005002501250625312,0.0,1999.0,1.0,0.20771447154471467,0.000302402499999993,HICHBA_h0.6,0.2,1,1939
1.0,0.02523468254769355,0.0,0.06,0.7405599999999999,1.0,1.0,2.0,0.0,0.0005002501250625312,0.0,1999.0,0.0,0.20771447154471467,0.0004952088999999882,HICHBA_h0.6,0.2,1,1942
1.0,0.02523468254769355,0.0,0.06,0.7405599999999999,0.54,0.54,3.0,1.0,0.0005002501250625312,0.0,1999.0,1.0,0.20771447154471467,0.0010538339999999896,HICHBA_h0.6,0.2,1,1936
1.0,0.02523468254769355,0.0,0.02,0.7807499999999999,0.38,0.38,4.0,1.0,0.0005002501250625312,0.0,1999.0,1.0,0.20709146341463291,0.001490297099999996,HICHBA_h0.6,0.2,2,1876
1.0,0.02523468254769355,0.0,0.04,0.7607499999999999,0.36,0.36,3.0,1.0,0.0005002501250625312,0.0,1999.0,1.0,0.20709146341463291,0.0003397019000000029,HICHBA_h0.6,0.2,2,1996
1.0,0.02523468254769355,0.0,0.04,0.7607499999999999,0.4,0.4,3.0,1.0,0.0005002501250625312,0.0,1999.0,1.0,0.20709146341463291,0.0008364891000000041,HICHBA_h0.6,0.2,2,1993
1.0,0.02523468254769355,0.0,0.04,0.7607499999999999,0.74,0.74,3.0,1.0,0.0005002501250625312,0.0,1999.0,1.0,0.20709146341463291,-0.00026118240000000403,HICHBA_h0.6,0.2,2,1859
1.0,0.02523468254769355,0.0,0.06,0.74075,0.52,0.52,3.0,1.0,0.0005002501250625312,0.0,1999.0,1.0,0.20709146341463291,-0.0004331048999999948,HICHBA_h0.6,0.2,2,1998
1.0,0.02523468254769355,0.0,0.06,0.74075,0.36,0.36,3.0,1.0,0.0005002501250625312,0.0,1999.0,1.0,0.20709146341463291,-4.834239999999823e-05,HICHBA_h0.6,0.2,2,1997
1.0,0.02523468254769355,0.0,0.06,0.74075,0.46,0.46,3.0,1.0,0.0005002501250625312,0.0,1999.0,1.0,0.20709146341463291,0.00018411440000000445,HICHBA_h0.6,0.2,2,1981
1.0,0.02523468254769355,0.0,0.06,0.74075,0.26,0.26,4.0,1.0,0.0005002501250625312,0.0,1998.0,1.0,0.20709146341463291,0.0010321664000000064,HICHBA_h0.6,0.2,2,1973
1.0,0.02523468254769355,0.0,0.06,0.74075,0.24,0.24,4.0,1.0,0.0005002501250625312,0.0,1999.0,1.0,0.20709146341463291,0.0004912791000000055,HICHBA_h0.6,0.2,2,1939
1.0,0.02523468254769355,0.0,0.06,0.74075,0.46,0.46,3.0,1.0,0.0005002501250625312,0.0,1999.0,1.0,0.20709146341463291,0.0006681318999999936,HICHBA_h0.6,0.2,2,1936
1.0,0.02523468254769355,0.0,0.0,0.80189,0.28,0.28,4.0,1.0,0.0005002501250625312,0.0,1999.0,1.0,0.2085566666666664,0.0003326695000000074,HICHBA_h0.6,0.2,3,1939
1.0,0.02523468254769355,0.0,0.04,0.76189,0.38,0.38,4.0,1.0,0.0005002501250625312,0.0,1999.0,1.0,0.2085566666666664,-0.0005864116999999974,HICHBA_h0.6,0.2,3,1980
1.0,0.02523468254769355,0.0,0.04,0.76189,0.2,0.2,4.0,1.0,0.0005002501250625312,0.0,1999.0,1.0,0.2085566666666664,0.000515556800000011,HICHBA_h0.6,0.2,3,1975
1.0,0.02523468254769355,0.0,0.04,0.76189,0.28,0.28,4.0,1.0,0.0005002501250625312,0.0,1998.0,1.0,0.2085566666666664,-0.0008892496000000027,HICHBA_h0.6,0.2,3,1973
1.0,0.02523468254769355,0.0,0.04,0.76189,0.36,0.36,3.0,1.0,0.0005002501250625312,0.0,1999.0,1.0,0.2085566666666664,-0.00017168210000000073,HICHBA_h0.6,0.2,3,1936
1.0,0.02523468254769355,0.0,0.04,0.76189,0.18,0.18,4.0,1.0,0.0005002501250625312,0.0,1996.0,1.0,0.2085566666666664,0.0006576679000000057,HICHBA_h0.6,0.2,3,1928
1.0,0.02523468254769355,0.0,0.06,0.7418899999999999,0.36,0.36,3.0,1.0,0.0005002501250625312,0.0,1999.0,1.0,0.2085566666666664,0.00017519600000001634,HICHBA_h0.6,0.2,3,1981
1.0,0.02523468254769355,0.0,0.06,0.7418899999999999,0.74,0.74,3.0,1.0,0.0005002501250625312,0.0,1999.0,1.0,0.2085566666666664,0.000630930400000021,HICHBA_h0.6,0.2,3,1899
1.0,0.02523468254769355,0.0,0.06,0.7418899999999999,0.36,0.36,4.0,1.0,0.0005002501250625312,0.0,1998.0,1.0,0.2085566666666664,0.00043089600000001393,HICHBA_h0.6,0.2,3,1890
1.0,0.02523468254769355,0.0,0.06,0.7418899999999999,1.0,1.0,2.0,0.0,0.0005002501250625312,0.0,1999.0,1.0,0.2085566666666664,0.0010952855000000011,HICHBA_h0.6,0.2,3,1832
1.0,0.02523468254769355,0.0,0.02,0.78323,0.3,0.3,3.0,1.0,0.0005002501250625312,0.0,1999.0,1.0,0.20335195121951244,-0.001135416499999986,HICHBA_h0.6,0.2,4,1996
1.0,0.02523468254769355,0.0,0.02,0.78323,0.16,0.16,4.0,1.0,0.0005002501250625312,0.0,1999.0,1.0,0.20335195121951244,-0.001034511299999985,HICHBA_h0.6,0.2,4,1975
1.0,0.02523468254769355,0.0,0.04,0.76323,0.22,0.22,4.0,1.0,0.0005002501250625312,0.0,1998.0,1.0,0.20335195121951244,-0.0017651048000000003,HICHBA_h0.6,0.2,4,1973
1.0,0.02523468254769355,0.0,0.04,0.76323,0.44,0.44,3.0,1.0,0.0005002501250625312,0.0,1999.0,1.0,-0.10813000000000073,-0.0006426359999999881,HICHBA_h0.6,0.2,4,1852
1.0,0.02523468254769355,0.0,0.06,0.7432300000000001,0.44,0.44,4.0,1.0,0.0005002501250625312,0.0,1999.0,1.0,0.20335195121951244,-0.0009533303999999937,HICHBA_h0.6,0.2,4,1980
1.0,0.02523468254769355,0.0,0.06,0.7432300000000001,0.4,0.4,3.0,1.0,0.0005002501250625312,0.0,1999.0,1.0,0.20335195121951244,0.000113576000000018,HICHBA_h0.6,0.2,4,1968
1.0,0.02523468254769355,0.0,0.06,0.7432300000000001,0.2,0.2,4.0,1.0,0.0005002501250625312,0.0,1996.0,1.0,0.20335195121951244,-0.0014590719999999918,HICHBA_h0.6,0.2,4,1928
1.0,0.02523468254769355,0.0,0.08,0.72323,0.64,0.64,3.0,1.0,0.0005002501250625312,0.0,1999.0,1.0,0.20335195121951244,0.0002876160000000044,HICHBA_h0.6,0.2,4,1998
1.0,0.02523468254769355,0.0,0.08,0.72323,0.4,0.4,3.0,1.0,0.0005002501250625312,0.0,1999.0,1.0,0.20335195121951244,-0.0005389103999999811,HICHBA_h0.6,0.2,4,1993
1.0,0.02523468254769355,0.0,0.08,0.72323,0.48,0.48,3.0,1.0,0.0005002501250625312,0.0,1999.0,1.0,0.20335195121951244,-2.236079999999585e-05,HICHBA_h0.6,0.2,4,1981
1.0,0.02523468254769355,0.0,0.02,0.78408,0.06,0.06,4.0,1.0,0.0005002501250625312,0.0,1996.0,1.0,0.2001775609756089,-0.0009748334999999941,HICHBA_h0.6,0.2,5,1928
1.0,0.02523468254769355,0.0,0.02,0.78408,0.46,0.46,3.0,1.0,0.0005002501250625312,0.0,1999.0,1.0,-0.10527999999999993,-0.00025604640000000123,HICHBA_h0.6,0.2,5,1852
1.0,0.02523468254769355,0.0,0.04,0.76408,0.28,0.28,3.0,1.0,0.0005002501250625312,0.0,1999.0,1.0,0.2001775609756089,-0.000695543899999998,HICHBA_h0.6,0.2,5,1993
1.0,0.02523468254769355,0.0,0.04,0.76408,0.22,0.22,4.0,1.0,0.0005002501250625312,0.0,1999.0,1.0,0.2001775609756089,-2.5110300000005803e-05,HICHBA_h0.6,0.2,5,1975
1.0,0.02523468254769355,0.0,0.04,0.76408,0.24,0.24,4.0,1.0,0.0005002501250625312,0.0,1998.0,1.0,0.2001775609756089,-0.00015912950000000758,HICHBA_h0.6,0.2,5,1973
1.0,0.02523468254769355,0.0,0.04,0.76408,0.22,0.22,4.0,1.0,0.0005002501250625312,0.0,1999.0,1.0,0.2001775609756089,-0.0014809055000000043,HICHBA_h0.6,0.2,5,1939
1.0,0.02523468254769355,0.0,0.04,0.76408,0.52,0.52,3.0,1.0,0.0005002501250625312,0.0,1999.0,1.0,0.2001775609756089,-1.8724799999994546e-05,HICHBA_h0.6,0.2,5,1936
1.0,0.02523468254769355,0.0,0.06,0.7440800000000001,0.52,0.52,3.0,1.0,0.0005002501250625312,0.0,1999.0,1.0,0.2001775609756089,-0.000718886299999999,HICHBA_h0.6,0.2,5,1953
2.0,0.0504693650953871,0.0,0.06,0.7440800000000001,0.02,0.4,3.0,2.0,0.0010005002501250625,0.0,1999.0,1.0,0.2001775609756089,-0.0006318383000000066,HICHBA_h0.6,0.2,5,1884
2.0,0.0504693650953871,0.0,0.06,0.7440800000000001,0.12,0.38,3.0,2.0,0.0010005002501250625,0.0,1999.0,1.0,0.2001775609756089,-0.0005254239000000022,HICHBA_h0.6,0.2,5,1873
1.0,0.02523468254769355,0.0,0.0,0.7998099999999999,0.22,0.22,4.0,1.0,0.0005002501250625312,0.0,1999.0,1.0,0.2033465853658526,0.002234400800000008,HICHBA_h0.6,0.2,6,1975
1.0,0.02523468254769355,0.0,0.0,0.7998099999999999,0.2,0.2,4.0,1.0,0.0005002501250625312,0.0,1996.0,1.0,0.2033465853658526,0.0020548560000000077,HICHBA_h0.6,0.2,6,1928
1.0,0.02523468254769355,0.0,0.02,0.7798099999999999,0.12,0.12,4.0,1.0,0.0005002501250625312,0.0,1999.0,1.0,0.2033465853658526,0.0017877287999999991,HICHBA_h0.6,0.2,6,1939
1.0,0.02523468254769355,0.0,0.04,0.7598099999999999,0.34,0.34,3.0,1.0,0.0005002501250625312,0.0,1999.0,1.0,0.2033465853658526,0.0017608855000000034,HICHBA_h0.6,0.2,6,1996
1.0,0.02523468254769355,0.0,0.04,0.7598099999999999,0.32,0.32,3.0,1.0,0.0005002501250625312,0.0,1999.0,1.0,0.2033465853658526,0.0016754239999999948,HICHBA_h0.6,0.2,6,1993
1.0,0.02523468254769355,0.0,0.04,0.7598099999999999,0.44,0.44,4.0,1.0,0.0005002501250625312,0.0,1999.0,1.0,0.2033465853658526,0.0014035728000000164,HICHBA_h0.6,0.2,6,1980
1.0,0.02523468254769355,0.0,0.04,0.7598099999999999,0.36,0.36,4.0,1.0,0.0005002501250625312,0.0,1998.0,1.0,0.2033465853658526,0.0028321962999999922,HICHBA_h0.6,0.2,6,1973
1.0,0.02523468254769355,0.0,0.06,0.7398099999999999,0.38,0.38,3.0,1.0,0.0005002501250625312,0.0,1999.0,1.0,0.2033465853658526,0.0013294528000000055,HICHBA_h0.6,0.2,6,1997
1.0,0.02523468254769355,0.0,0.06,0.7398099999999999,0.56,0.56,4.0,1.0,0.0005002501250625312,0.0,1999.0,1.0,0.2033465853658526,0.003488007500000001,HICHBA_h0.6,0.2,6,1945
1.0,0.02523468254769355,0.0,0.06,0.7398099999999999,1.0,1.0,3.0,0.0,0.0005002501250625312,0.0,1999.0,1.0,0.2033465853658526,0.0017425664000000063,HICHBA_h0.6,0.2,6,1835
1.0,0.02523468254769355,0.0,0.0,0.8034199999999999,0.14,0.14,4.0,1.0,0.0005002501250625312,0.0,1996.0,1.0,0.20024926829268208,0.0009734565000000112,HICHBA_h0.6,0.2,7,1928
1.0,0.02523468254769355,0.0,0.02,0.7834199999999999,0.26,0.26,4.0,1.0,0.0005002501250625312,0.0,1999.0,1.0,0.20024926829268208,0.0006572960000000017,HICHBA_h0.6,0.2,7,1991
1.0,0.02523468254769355,0.0,0.02,0.7834199999999999,0.12,0.12,4.0,1.0,0.0005002501250625312,0.0,1999.0,1.0,0.20024926829268208,0.001616335999999996,HICHBA_h0.6,0.2,7,1939
1.0,0.02523468254769355,0.0,0.04,0.7634199999999999,0.4,0.4,3.0,1.0,0.0005002501250625312,0.0,1999.0,1.0,0.20024926829268208,0.0010593099999999939,HICHBA_h0.6,0.2,7,1993
1.0,0.02523468254769355,0.0,0.04,0.7634199999999999,0.14,0.14,4.0,1.0,0.0005002501250625312,0.0,1999.0,1.0,0.20024926829268208,0.0009973556999999938,HICHBA_h0.6,0.2,7,1975
1.0,0.02523468254769355,0.0,0.04,0.7634199999999999,0.34,0.34,3.0,1.0,0.0005002501250625312,0.0,1999.0,1.0,-0.10646000000000011,0.0009550879999999928,HICHBA_h0.6,0.2,7,1852
1.0,0.02523468254769355,0.0,0.06,0.74342,0.58,0.58,2.0,1.0,0.0005002501250625312,0.0,1999.0,1.0,0.20024926829268208,0.0005849279999999984,HICHBA_h0.6,0.2,7,1981
1.0,0.02523468254769355,0.0,0.08,0.72342,0.38,0.38,3.0,1.0,0.0005002501250625312,0.0,1999.0,1.0,0.20024926829268208,0.0022105724999999937,HICHBA_h0.6,0.2,7,1997
1.0,0.02523468254769355,0.0,0.08,0.72342,0.46,0.46,3.0,1.0,0.0005002501250625312,0.0,1999.0,1.0,0.20024926829268208,0.0013913260999999927,HICHBA_h0.6,0.2,7,1996
1.0,0.02523468254769355,0.0,0.08,0.72342,0.58,0.58,3.0,1.0,0.0005002501250625312,0.0,1999.0,1.0,0.20024926829268208,0.0007992171999999936,HICHBA_h0.6,0.2,7,1953
1.0,0.02523468254769355,0.0,0.02,0.7852699999999999,0.12,0.12,4.0,1.0,0.0005002501250625312,0.0,1999.0,1.0,0.19583910569105656,-0.000570715999999985,HICHBA_h0.6,0.2,8,1975
1.0,0.02523468254769355,0.0,0.02,0.7852699999999999,0.18,0.18,4.0,1.0,0.0005002501250625312,0.0,1999.0,1.0,0.19583910569105656,-2.4396799999978902e-05,HICHBA_h0.6,0.2,8,1939
1.0,0.02523468254769355,0.0,0.02,0.7852699999999999,0.08,0.08,4.0,1.0,0.0005002501250625312,0.0,1996.0,1.0,0.19583910569105656,-0.00019155039999999013,HICHBA_h0.6,0.2,8,1928
1.0,0.02523468254769355,0.0,0.04,0.7652699999999999,0.64,0.64,2.0,1.0,0.0005002501250625312,0.0,1999.0,1.0,0.19583910569105656,0.0002527295000000068,HICHBA_h0.6,0.2,8,1981
1.0,0.02523468254769355,0.0,0.04,0.7652699999999999,0.38,0.38,4.0,1.0,0.0005002501250625312,0.0,1998.0,1.0,0.19583910569105656,-0.00022621999999998532,HICHBA_h0.6,0.2,8,1973
1.0,0.02523468254769355,0.0,0.06,0.7452699999999999,0.78,0.78,3.0,1.0,0.0005002501250625312,0.0,1999.0,1.0,0.19583910569105656,-0.00133240879999999,HICHBA_h0.6,0.2,8,1967
1.0,0.02523468254769355,0.0,0.06,0.7452699999999999,0.34,0.34,4.0,1.0,0.0005002501250625312,0.0,1998.0,1.0,0.19583910569105656,0.0010173775000000135,HICHBA_h0.6,0.2,8,1890
1.0,0.02523468254769355,0.0,0.06,0.7452699999999999,0.9,0.9,3.0,0.0,0.0005002501250625312,0.0,1999.0,1.0,0.19583910569105656,0.0007922415000000127,HICHBA_h0.6,0.2,8,1879
1.0,0.02523468254769355,0.0,0.06,0.7452699999999999,0.6,0.6,3.0,1.0,0.0005002501250625312,0.0,1999.0,1.0,-0.10500999999999949,1.2689500000009901e-05,HICHBA_h0.6,0.2,8,1852
1.0,0.02523468254769355,0.0,0.06,0.7452699999999999,1.0,1.0,1.0,0.0,0.0005002501250625312,0.0,1999.0,1.0,-0.05122606299212529,-0.0014866767999999891,HICHBA_h0.6,0.2,8,1788
1.0,0.02523468254769355,0.0,0.02,0.78557,0.32,0.32,3.0,1.0,0.0005002501250625312,0.0,1999.0,1.0,0.19853747967479674,0.0007250214999999921,HICHBA_h0.6,0.2,9,1996
1.0,0.02523468254769355,0.0,0.02,0.78557,0.18,0.18,4.0,1.0,0.0005002501250625312,0.0,1996.0,1.0,0.19853747967479674,0.00024343749999999886,HICHBA_h0.6,0.2,9,1928
1.0,0.02523468254769355,0.0,0.04,0.76557,0.26,0.26,3.0,1.0,0.0005002501250625312,0.0,1999.0,1.0,0.19853747967479674,0.00041362469999998985,HICHBA_h0.6,0.2,9,1993
1.0,0.02523468254769355,0.0,0.04,0.76557,0.46,0.46,4.0,1.0,0.0005002501250625312,0.0,1999.0,1.0,0.19853747967479674,-0.0010058128000000055,HICHBA_h0.6,0.2,9,1980
1.0,0.02523468254769355,0.0,0.04,0.76557,0.26,0.26,4.0,1.0,0.0005002501250625312,0.0,1999.0,1.0,0.19853747967479674,8.727199999999935e-05,HICHBA_h0.6,0.2,9,1939
1.0,0.02523468254769355,0.0,0.06,0.7455700000000001,0.78,0.78,3.0,1.0,0.0005002501250625312,0.0,1999.0,1.0,0.19853747967479674,0.0004697775999999987,HICHBA_h0.6,0.2,9,1978
1.0,0.02523468254769355,0.0,0.06,0.7455700000000001,0.14,0.14,4.0,1.0,0.0005002501250625312,0.0,1999.0,1.0,0.19853747967479674,-0.000725532000000001,HICHBA_h0.6,0.2,9,1975
1.0,0.02523468254769355,0.0,0.06,0.7455700000000001,0.26,0.26,4.0,1.0,0.0005002501250625312,0.0,1998.0,1.0,0.19853747967479674,0.0007600054999999939,HICHBA_h0.6,0.2,9,1973
1.0,0.02523468254769355,0.0,0.06,0.7455700000000001,0.84,0.84,3.0,0.0,0.0005002501250625312,0.0,1999.0,1.0,0.19853747967479674,0.0002109226999999908,HICHBA_h0.6,0.2,9,1967
1.0,0.02523468254769355,0.0,0.06,0.7455700000000001,0.36,0.36,3.0,1.0,0.0005002501250625312,0.0,1998.0,1.0,0.19853747967479674,0.001505751999999999,HICHBA_h0.6,0.2,9,1955
2.0,0.048673643222195175,0.0,0.0,0.67302,0.0,0.25,3.0,2.0,0.0010005002501250625,0.0,1999.0,1.0,0.27042206185567014,-0.0003135043000000032,HICHBA_h0.8,0.1,0,1992
1.0,0.024336821611097587,0.0,0.0,0.67302,0.0,0.0,4.0,1.0,0.0005002501250625312,0.0,1998.0,1.0,0.27042206185567014,0.0009470197000000097,HICHBA_h0.8,0.1,0,1985
1.0,0.024336821611097587,0.0,0.0,0.67302,0.16,0.16,3.0,1.0,0.0005002501250625312,0.0,1999.0,1.0,0.27042206185567014,0.0004374080000000141,HICHBA_h0.8,0.1,0,1978
1.0,0.024336821611097587,0.0,0.0,0.67302,0.14,0.14,2.0,1.0,0.0005002501250625312,0.0,1999.0,1.0,0.27042206185567014,0.0002893157000000146,HICHBA_h0.8,0.1,0,1963
2.0,0.048673643222195175,0.0,0.0,0.67302,0.04,0.11,3.0,2.0,0.0010005002501250625,0.0,1999.0,1.0,0.27042206185567014,0.0019112324999999986,HICHBA_h0.8,0.1,0,1936
1.0,0.024336821611097587,0.0,0.0,0.67302,0.12,0.12,3.0,1.0,0.0005002501250625312,0.0,1999.0,1.0,0.27042206185567014,0.001312902100000013,HICHBA_h0.8,0.1,0,1921
1.0,0.024336821611097587,0.0,0.0,0.67302,0.16,0.16,3.0,1.0,0.0005002501250625312,0.0,1999.0,1.0,0.27042206185567014,0.0005347821000000058,HICHBA_h0.8,0.1,0,1891
4.0,0.09734728644439035,0.0,0.0,0.67302,0.0,0.08,3.0,4.0,0.002001000500250125,0.0,1999.0,1.0,0.27042206185567014,-0.000577167999999989,HICHBA_h0.8,0.1,0,1654
1.0,0.024336821611097587,0.0,0.02,0.6530199999999999,0.1,0.1,4.0,1.0,0.0005002501250625312,0.0,1999.0,1.0,0.27042206185567014,0.0013537340000000092,HICHBA_h0.8,0.1,0,1993
1.0,0.024336821611097587,0.0,0.02,0.6530199999999999,0.1,0.1,3.0,1.0,0.0005002501250625312,0.0,1999.0,1.0,0.27042206185567014,0.000604243200000007,HICHBA_h0.8,0.1,0,1973
1.0,0.024336821611097587,0.0,0.0,0.6746,0.5,0.5,3.0,1.0,0.0005002501250625312,0.0,1999.0,1.0,0.2716721649484536,-0.0009748096000000012,HICHBA_h0.8,0.1,1,1990
1.0,0.024336821611097587,0.0,0.0,0.6746,0.02,0.02,4.0,1.0,0.0005002501250625312,0.0,1998.0,1.0,0.2716721649484536,0.00042093210000000714,HICHBA_h0.8,0.1,1,1985
1.0,0.024336821611097587,0.0,0.0,0.6746,0.08,0.08,3.0,1.0,0.0005002501250625312,0.0,1999.0,1.0,0.2716721649484536,-0.0005333423999999976,HICHBA_h0.8,0.1,1,1978
1.0,0.024336821611097587,0.0,0.0,0.6746,0.1,0.1,2.0,1.0,0.0005002501250625312,0.0,1999.0,1.0,0.2716721649484536,-0.0009340203999999991,HICHBA_h0.8,0.1,1,1963
1.0,0.024336821611097587,0.0,0.0,0.6746,0.08,0.08,3.0,1.0,0.0005002501250625312,0.0,1998.0,1.0,0.2716721649484536,-0.0002088975999999937,HICHBA_h0.8,0.1,1,1853
1.0,0.024336821611097587,0.0,0.0,0.6746,0.18,0.18,3.0,1.0,0.0005002501250625312,0.0,1999.0,1.0,0.2716721649484536,-0.00024490309999998516,HICHBA_h0.8,0.1,1,1821
1.0,0.024336821611097587,0.0,0.02,0.6546,0.42,0.42,3.0,1.0,0.0005002501250625312,0.0,1999.0,1.0,0.2716721649484536,-0.0008201070999999949,HICHBA_h0.8,0.1,1,1995
1.0,0.024336821611097587,0.0,0.02,0.6546,0.88,0.88,2.0,0.0,0.0005002501250625312,0.0,1999.0,1.0,0.2716721649484536,-0.0002668383999999968,HICHBA_h0.8,0.1,1,1972
1.0,0.024336821611097587,0.0,0.02,0.6546,0.5,0.5,3.0,1.0,0.0005002501250625312,0.0,1999.0,1.0,0.2716721649484536,-7.29215999999977e-05,HICHBA_h0.8,0.1,1,1970
1.0,0.024336821611097587,0.0,0.02,0.6546,0.2,0.2,3.0,1.0,0.0005002501250625312,0.0,1999.0,1.0,0.2716721649484536,-0.00141514999999999,HICHBA_h0.8,0.1,1,1943
1.0,0.024336821611097587,0.0,0.0,0.6725399999999999,0.16,0.16,3.0,1.0,0.0005002501250625312,0.0,1999.0,1.0,0.26849876288659785,0.00046371330000000155,HICHBA_h0.8,0.1,2,1973
1.0,0.024336821611097587,0.0,0.0,0.6725399999999999,0.2,0.2,3.0,1.0,0.0005002501250625312,0.0,1999.0,1.0,0.26849876288659785,0.0012455108999999964,HICHBA_h0.8,0.1,2,1965
1.0,0.024336821611097587,0.0,0.0,0.6725399999999999,0.26,0.26,3.0,1.0,0.0005002501250625312,0.0,1999.0,1.0,0.26849876288659785,0.0011705984000000003,HICHBA_h0.8,0.1,2,1952
2.0,0.048673643222195175,0.0,0.0,0.6725399999999999,0.14,0.18,3.0,2.0,0.0010005002501250625,0.0,1999.0,1.0,0.26849876288659785,0.00028932800000000536,HICHBA_h0.8,0.1,2,1915
1.0,0.024336821611097587,0.0,0.0,0.6725399999999999,0.2,0.2,3.0,1.0,0.0005002501250625312,0.0,1999.0,1.0,0.26849876288659785,0.001057757999999992,HICHBA_h0.8,0.1,2,1914
1.0,0.024336821611097587,0.0,0.0,0.6725399999999999,0.42,0.42,3.0,1.0,0.0005002501250625312,0.0,1999.0,1.0,0.26849876288659785,0.0007287508999999914,HICHBA_h0.8,0.1,2,1910
1.0,0.024336821611097587,0.0,0.0,0.6725399999999999,0.38,0.38,3.0,1.0,0.0005002501250625312,0.0,1999.0,1.0,0.26849876288659785,0.0009079804999999885,HICHBA_h0.8,0.1,2,1888
1.0,0.024336821611097587,0.0,0.0,0.6725399999999999,0.26,0.26,3.0,1.0,0.0005002501250625312,0.0,1999.0,1.0,0.26849876288659785,0.0012472859999999864,HICHBA_h0.8,0.1,2,1886
1.0,0.024336821611097587,0.0,0.0,0.6725399999999999,0.1,0.1,3.0,1.0,0.0005002501250625312,0.0,1999.0,1.0,0.26849876288659785,7.510000000002237e-06,HICHBA_h0.8,0.1,2,1821
1.0,0.024336821611097587,0.0,0.0,0.6725399999999999,0.22,0.22,3.0,1.0,0.0005002501250625312,0.0,1999.0,1.0,0.26849876288659785,-0.00014684800000000497,HICHBA_h0.8,0.1,2,1591
1.0,0.024336821611097587,0.0,0.0,0.67391,0.28,0.28,3.0,1.0,0.0005002501250625312,0.0,1999.0,1.0,0.26867288659793775,-8.074399999999371e-05,HICHBA_h0.8,0.1,3,1995
1.0,0.024336821611097587,0.0,0.0,0.67391,0.1,0.1,4.0,1.0,0.0005002501250625312,0.0,1999.0,1.0,0.26867288659793775,-0.0005964877000000091,HICHBA_h0.8,0.1,3,1993
1.0,0.024336821611097587,0.0,0.0,0.67391,0.2,0.2,3.0,1.0,0.0005002501250625312,0.0,1999.0,1.0,0.26867288659793775,-0.001046068499999997,HICHBA_h0.8,0.1,3,1973
1.0,0.024336821611097587,0.0,0.0,0.67391,0.22,0.22,3.0,1.0,0.0005002501250625312,0.0,1999.0,1.0,0.26867288659793775,-0.0013522477000000033,HICHBA_h0.8,0.1,3,1921
1.0,0.024336821611097587,0.0,0.0,0.67391,1.0,1.0,2.0,0.0,0.0005002501250625312,0.0,1999.0,1.0,0.26867288659793775,0.0005374559999999917,HICHBA_h0.8,0.1,3,1909
1.0,0.024336821611097587,0.0,0.0,0.67391,0.06,0.06,3.0,1.0,0.0005002501250625312,0.0,1998.0,1.0,0.26867288659793775,0.0013720014999999974,HICHBA_h0.8,0.1,3,1853
1.0,0.024336821611097587,0.0,0.0,0.67391,0.72,0.72,2.0,0.0,0.0005002501250625312,0.0,1999.0,1.0,0.26867288659793775,-0.00010656800000000133,HICHBA_h0.8,0.1,3,1774
1.0,0.024336821611097587,0.0,0.02,0.65391,0.88,0.88,2.0,0.0,0.0005002501250625312,0.0,1999.0,1.0,0.26867288659793775,-0.0013635296999999907,HICHBA_h0.8,0.1,3,1972
1.0,0.024336821611097587,0.0,0.02,0.65391,0.5,0.5,3.0,1.0,0.0005002501250625312,0.0,1999.0,1.0,0.26867288659793775,-0.001240679699999997,HICHBA_h0.8,0.1,3,1970
1.0,0.024336821611097587,0.0,0.02,0.65391,0.6,0.6,2.0,1.0,0.0005002501250625312,0.0,1999.0,1.0,0.26867288659793775,-0.00014326320000000725,HICHBA_h0.8,0.1,3,1969
1.0,0.024336821611097587,0.0,0.0,0.67492,0.26,0.26,3.0,1.0,0.0005002501250625312,0.0,1999.0,1.0,0.26407463917525703,0.0009591336999999894,HICHBA_h0.8,0.1,4,1943
1.0,0.024336821611097587,0.0,0.0,0.67492,0.56,0.56,3.0,1.0,0.0005002501250625312,0.0,1999.0,1.0,0.26407463917525703,0.0016332800000000008,HICHBA_h0.8,0.1,4,1819
1.0,0.024336821611097587,0.0,0.0,0.67492,0.58,0.58,3.0,1.0,0.0005002501250625312,0.0,1999.0,1.0,0.26407463917525703,0.002013875200000001,HICHBA_h0.8,0.1,4,1763
1.0,0.024336821611097587,0.0,0.0,0.67492,0.36,0.36,3.0,1.0,0.0005002501250625312,0.0,1999.0,1.0,0.26407463917525703,0.0011243071999999937,HICHBA_h0.8,0.1,4,1591
1.0,0.024336821611097587,0.0,0.02,0.65492,0.56,0.56,3.0,1.0,0.0005002501250625312,0.0,1999.0,1.0,0.26407463917525703,0.0013662784999999844,HICHBA_h0.8,0.1,4,1995
1.0,0.024336821611097587,0.0,0.02,0.65492,0.12,0.12,3.0,1.0,0.0005002501250625312,0.0,1999.0,1.0,0.26407463917525703,0.0010519412000000034,HICHBA_h0.8,0.1,4,1973
1.0,0.024336821611097587,0.0,0.02,0.65492,0.2,0.2,3.0,1.0,0.0005002501250625312,0.0,1999.0,1.0,0.26407463917525703,0.0007689337000000018,HICHBA_h0.8,0.1,4,1965
1.0,0.024336821611097587,0.0,0.02,0.65492,0.1,0.1,2.0,1.0,0.0005002501250625312,0.0,1999.0,1.0,0.26407463917525703,0.000926623999999987,HICHBA_h0.8,0.1,4,1963
1.0,0.024336821611097587,0.0,0.02,0.65492,0.22,0.22,3.0,1.0,0.0005002501250625312,0.0,1999.0,1.0,0.26407463917525703,0.0004571679999999939,HICHBA_h0.8,0.1,4,1952
1.0,0.024336821611097587,0.0,0.02,0.65492,1.0,1.0,2.0,0.0,0.0005002501250625312,0.0,1999.0,1.0,-0.02232000000000045,0.0012817391999999928,HICHBA_h0.8,0.1,4,1951
1.0,0.024336821611097587,0.0,0.0,0.67298,1.0,1.0,2.0,0.0,0.0005002501250625312,0.0,1999.0,1.0,0.2658459793814427,0.0008517599999999931,HICHBA_h0.8,0.1,5,1979
1.0,0.024336821611097587,0.0,0.0,0.67298,0.28,0.28,3.0,1.0,0.0005002501250625312,0.0,1999.0,1.0,0.2658459793814427,0.001833122099999987,HICHBA_h0.8,0.1,5,1965
1.0,0.024336821611097587,0.0,0.0,0.67298,0.3,0.3,3.0,1.0,0.0005002501250625312,0.0,1999.0,1.0,0.2658459793814427,0.0007018795999999966,HICHBA_h0.8,0.1,5,1952
1.0,0.024336821611097587,0.0,0.0,0.67298,0.12,0.12,3.0,1.0,0.0005002501250625312,0.0,1999.0,1.0,0.2658459793814427,0.0005596716999999862,HICHBA_h0.8,0.1,5,1921
1.0,0.024336821611097587,0.0,0.0,0.67298,0.24,0.24,3.0,1.0,0.0005002501250625312,0.0,1999.0,1.0,0.2658459793814427,0.0003709476999999989,HICHBA_h0.8,0.1,5,1892
2.0,0.048673643222195175,0.0,0.0,0.67298,0.06,0.28,2.0,2.0,0.0010005002501250625,0.0,1999.0,1.0,0.2658459793814427,0.0020026271999999956,HICHBA_h0.8,0.1,5,1849
1.0,0.024336821611097587,0.0,0.0,0.67298,0.98,0.98,2.0,0.0,0.0005002501250625312,0.0,1999.0,1.0,0.2658459793814427,5.906369999998662e-05,HICHBA_h0.8,0.1,5,1846
1.0,0.024336821611097587,0.0,0.02,0.65298,0.62,0.62,3.0,1.0,0.0005002501250625312,0.0,1999.0,1.0,0.2658459793814427,0.0005352076999999983,HICHBA_h0.8,0.1,5,1998
1.0,0.024336821611097587,0.0,0.02,0.65298,0.08,0.08,4.0,1.0,0.0005002501250625312,0.0,1999.0,1.0,0.2658459793814427,0.0017038836999999918,HICHBA_h0.8,0.1,5,1993
1.0,0.024336821611097587,0.0,0.02,0.65298,0.12,0.12,3.0,1.0,0.0005002501250625312,0.0,1999.0,1.0,0.2658459793814427,0.0005334396999999991,HICHBA_h0.8,0.1,5,1978
1.0,0.024336821611097587,0.0,0.0,0.67495,0.14,0.14,3.0,1.0,0.0005002501250625312,0.0,1999.0,1.0,0.2618365979381448,-0.00043195490000001724,HICHBA_h0.8,0.1,6,1973
1.0,0.024336821611097587,0.0,0.0,0.67495,0.26,0.26,3.0,1.0,0.0005002501250625312,0.0,1999.0,1.0,0.2618365979381448,0.0011538051000000021,HICHBA_h0.8,0.1,6,1965
1.0,0.024336821611097587,0.0,0.0,0.67495,0.04,0.04,2.0,1.0,0.0005002501250625312,0.0,1999.0,1.0,0.2618365979381448,0.00014978559999999363,HICHBA_h0.8,0.1,6,1963
1.0,0.024336821611097587,0.0,0.0,0.67495,0.32,0.32,3.0,1.0,0.0005002501250625312,0.0,1999.0,1.0,0.2618365979381448,0.0010134375999999862,HICHBA_h0.8,0.1,6,1914
1.0,0.024336821611097587,0.0,0.0,0.67495,0.16,0.16,3.0,1.0,0.0005002501250625312,0.0,1999.0,1.0,0.2618365979381448,0.0005729303999999907,HICHBA_h0.8,0.1,6,1891
1.0,0.024336821611097587,0.0,0.0,0.67495,0.1,0.1,3.0,1.0,0.0005002501250625312,0.0,1999.0,1.0,0.2618365979381448,-5.846090000000137e-05,HICHBA_h0.8,0.1,6,1821
1.0,0.024336821611097587,0.0,0.0,0.67495,0.26,0.26,3.0,1.0,0.0005002501250625312,0.0,1999.0,1.0,0.2618365979381448,-0.0007389216000000115,HICHBA_h0.8,0.1,6,1775
1.0,0.024336821611097587,0.0,0.0,0.67495,0.3,0.3,3.0,1.0,0.0005002501250625312,0.0,1999.0,0.0,-0.11549660194174738,-0.00024832610000000144,HICHBA_h0.8,0.1,6,1719
2.0,0.048673643222195175,0.0,0.0,0.67495,0.18,0.36,3.0,2.0,0.0010005002501250625,0.0,1999.0,1.0,0.2618365979381448,-0.000658817600000014,HICHBA_h0.8,0.1,6,1666
1.0,0.024336821611097587,0.0,0.02,0.65495,0.68,0.68,3.0,0.0,0.0005002501250625312,0.0,1999.0,1.0,0.2618365979381448,-0.0013087416000000102,HICHBA_h0.8,0.1,6,1999
1.0,0.024336821611097587,0.0,0.0,0.67415,0.1,0.1,4.0,1.0,0.0005002501250625312,0.0,1999.0,1.0,0.25600567010309316,-0.0003387868999999988,HICHBA_h0.8,0.1,7,1993
1.0,0.024336821611097587,0.0,0.0,0.67415,0.08,0.08,3.0,1.0,0.0005002501250625312,0.0,1999.0,1.0,0.25600567010309316,0.0010569150999999999,HICHBA_h0.8,0.1,7,1973
1.0,0.024336821611097587,0.0,0.0,0.67415,0.12,0.12,2.0,1.0,0.0005002501250625312,0.0,1999.0,1.0,0.25600567010309316,-0.0009908656000000016,HICHBA_h0.8,0.1,7,1963
1.0,0.024336821611097587,0.0,0.0,0.67415,0.26,0.26,3.0,1.0,0.0005002501250625312,0.0,1999.0,1.0,0.25600567010309316,0.0007456174999999898,HICHBA_h0.8,0.1,7,1943
1.0,0.024336821611097587,0.0,0.0,0.67415,0.36,0.36,3.0,1.0,0.0005002501250625312,0.0,1999.0,1.0,0.25600567010309316,-0.0005118623999999933,HICHBA_h0.8,0.1,7,1914
1.0,0.024336821611097587,0.0,0.0,0.67415,0.1,0.1,3.0,1.0,0.0005002501250625312,0.0,1999.0,1.0,0.25600567010309316,0.0002852976000000118,HICHBA_h0.8,0.1,7,1891
1.0,0.024336821611097587,0.0,0.02,0.65415,0.4,0.4,3.0,1.0,0.0005002501250625312,0.0,1999.0,1.0,0.25600567010309316,-0.0007906263999999941,HICHBA_h0.8,0.1,7,1995
1.0,0.024336821611097587,0.0,0.02,0.65415,0.48,0.48,3.0,1.0,0.0005002501250625312,0.0,1999.0,1.0,0.25600567010309316,0.0002781310999999953,HICHBA_h0.8,0.1,7,1990
1.0,0.024336821611097587,0.0,0.02,0.65415,0.08,0.08,3.0,1.0,0.0005002501250625312,0.0,1999.0,1.0,0.25600567010309316,-0.0006108256000000034,HICHBA_h0.8,0.1,7,1978
1.0,0.024336821611097587,0.0,0.02,0.65415,0.76,0.76,3.0,0.0,0.0005002501250625312,0.0,1999.0,1.0,0.25600567010309316,-0.0005654999999999966,HICHBA_h0.8,0.1,7,1975
1.0,0.024336821611097587,0.0,0.0,0.67438,0.06,0.06,4.0,1.0,0.0005002501250625312,0.0,1999.0,1.0,0.25866865979381387,0.0009643231999999918,HICHBA_h0.8,0.1,8,1993
1.0,0.024336821611097587,0.0,0.0,0.67438,0.5,0.5,3.0,1.0,0.0005002501250625312,0.0,1999.0,1.0,0.25866865979381387,0.0006031071999999943,HICHBA_h0.8,0.1,8,1990
1.0,0.024336821611097587,0.0,0.0,0.67438,0.14,0.14,2.0,1.0,0.0005002501250625312,0.0,1999.0,1.0,0.25866865979381387,0.0012522559999999933,HICHBA_h0.8,0.1,8,1963
1.0,0.024336821611097587,0.0,0.0,0.67438,0.28,0.28,3.0,1.0,0.0005002501250625312,0.0,1999.0,1.0,0.25866865979381387,0.0014304011999999866,HICHBA_h0.8,0.1,8,1952
1.0,0.024336821611097587,0.0,0.0,0.67438,0.26,0.26,3.0,1.0,0.0005002501250625312,0.0,1999.0,1.0,0.25866865979381387,0.0009475516999999933,HICHBA_h0.8,0.1,8,1943
1.0,0.024336821611097587,0.0,0.0,0.67438,0.46,0.46,3.0,1.0,0.0005002501250625312,0.0,1999.0,1.0,0.25866865979381387,0.00012491199999999092,HICHBA_h0.8,0.1,8,1914
1.0,0.024336821611097587,0.0,0.0,0.67438,0.28,0.28,3.0,1.0,0.0005002501250625312,0.0,1999.0,1.0,0.25866865979381387,0.0012222911999999891,HICHBA_h0.8,0.1,8,1892
1.0,0.024336821611097587,0.0,0.0,0.67438,0.22,0.22,3.0,1.0,0.0005002501250625312,0.0,1999.0,1.0,0.25866865979381387,0.0010468180999999993,HICHBA_h0.8,0.1,8,1891
1.0,0.024336821611097587,0.0,0.0,0.67438,0.12,0.12,3.0,1.0,0.0005002501250625312,0.0,1999.0,1.0,0.25866865979381387,0.0011599996999999973,HICHBA_h0.8,0.1,8,1821
1.0,0.024336821611097587,0.0,0.0,0.67438,0.36,0.36,3.0,1.0,0.0005002501250625312,0.0,1999.0,0.0,-0.11253262135922315,0.0011392011999999813,HICHBA_h0.8,0.1,8,1719
1.0,0.024336821611097587,0.0,0.0,0.67838,0.18,0.18,3.0,1.0,0.0005002501250625312,0.0,1999.0,1.0,0.2528129896907219,-0.0018155359999999926,HICHBA_h0.8,0.1,9,1914
1.0,0.024336821611097587,0.0,0.0,0.67838,0.46,0.46,3.0,1.0,0.0005002501250625312,0.0,1999.0,1.0,0.2528129896907219,0.00036501559999999045,HICHBA_h0.8,0.1,9,1910
1.0,0.024336821611097587,0.0,0.0,0.67838,0.14,0.14,3.0,1.0,0.0005002501250625312,0.0,1999.0,1.0,0.2528129896907219,-0.0010966218999999972,HICHBA_h0.8,0.1,9,1821
1.0,0.024336821611097587,0.0,0.0,0.67838,0.4,0.4,3.0,1.0,0.0005002501250625312,0.0,1999.0,1.0,0.2528129896907219,-0.000663862799999998,HICHBA_h0.8,0.1,9,1742
1.0,0.024336821611097587,0.0,0.02,0.65838,0.54,0.54,3.0,1.0,0.0005002501250625312,0.0,1999.0,1.0,0.2528129896907219,-0.00019782430000001017,HICHBA_h0.8,0.1,9,1995
1.0,0.024336821611097587,0.0,0.02,0.65838,0.18,0.18,4.0,1.0,0.0005002501250625312,0.0,1999.0,1.0,0.2528129896907219,-0.0003944763000000018,HICHBA_h0.8,0.1,9,1993
1.0,0.024336821611097587,0.0,0.02,0.65838,0.1,0.1,3.0,1.0,0.0005002501250625312,0.0,1999.0,1.0,0.2528129896907219,-0.0001607482999999993,HICHBA_h0.8,0.1,9,1978
1.0,0.024336821611097587,0.0,0.02,0.65838,0.14,0.14,2.0,1.0,0.0005002501250625312,0.0,1999.0,1.0,0.2528129896907219,-0.0004077019000000015,HICHBA_h0.8,0.1,9,1963
1.0,0.024336821611097587,0.0,0.02,0.65838,0.32,0.32,3.0,1.0,0.0005002501250625312,0.0,1999.0,1.0,0.2528129896907219,-0.00025997229999999427,HICHBA_h0.8,0.1,9,1943
1.0,0.024336821611097587,0.0,0.02,0.65838,0.18,0.18,3.0,1.0,0.0005002501250625312,0.0,1999.0,1.0,0.2528129896907219,-0.0016364643999999956,HICHBA_h0.8,0.1,9,1921
1.0,0.024336821611097587,0.0,0.0,0.80662,0.08,0.08,4.0,1.0,0.0005002501250625312,0.0,1998.0,1.0,0.22694989690721568,0.0019122781000000116,HICHBA_h0.8,0.2,0,1985
1.0,0.024336821611097587,0.0,0.02,0.78662,0.2,0.2,3.0,1.0,0.0005002501250625312,0.0,1998.0,1.0,0.22694989690721568,0.0005668005000000059,HICHBA_h0.8,0.2,0,1853
1.0,0.024336821611097587,0.0,0.02,0.78662,0.26,0.26,3.0,1.0,0.0005002501250625312,0.0,1999.0,1.0,0.22694989690721568,0.001218129200000015,HICHBA_h0.8,0.2,0,1821
1.0,0.024336821611097587,0.0,0.04,0.76662,0.38,0.38,3.0,1.0,0.0005002501250625312,0.0,1999.0,1.0,0.22694989690721568,0.0012833085000000105,HICHBA_h0.8,0.2,0,1978
1.0,0.024336821611097587,0.0,0.04,0.76662,0.3,0.3,3.0,1.0,0.0005002501250625312,0.0,1999.0,1.0,0.22694989690721568,0.0017747756000000142,HICHBA_h0.8,0.2,0,1973
1.0,0.024336821611097587,0.0,0.04,0.76662,1.0,1.0,2.0,0.0,0.0005002501250625312,0.0,1999.0,1.0,-0.09641999999999995,0.0006052000000000002,HICHBA_h0.8,0.2,0,1968
2.0,0.048673643222195175,0.0,0.04,0.76662,0.24,0.26,3.0,2.0,0.0010005002501250625,0.0,1999.0,1.0,0.22694989690721568,0.0018553152000000128,HICHBA_h0.8,0.2,0,1936
1.0,0.024336821611097587,0.0,0.06,0.7466200000000001,0.24,0.24,2.0,1.0,0.0005002501250625312,0.0,1999.0,1.0,0.22694989690721568,0.00010583810000000526,HICHBA_h0.8,0.2,0,1963
1.0,0.024336821611097587,0.0,0.06,0.7466200000000001,0.6,0.6,3.0,1.0,0.0005002501250625312,0.0,1999.0,1.0,0.22694989690721568,0.0004474272000000168,HICHBA_h0.8,0.2,0,1952
1.0,0.024336821611097587,0.0,0.06,0.7466200000000001,0.74,0.74,3.0,1.0,0.0005002501250625312,0.0,1999.0,1.0,0.22694989690721568,0.0004720156000000142,HICHBA_h0.8,0.2,0,1742
1.0,0.024336821611097587,0.0,0.0,0.8064,0.2,0.2,4.0,1.0,0.0005002501250625312,0.0,1999.0,1.0,0.22668865979381414,0.0009611761000000024,HICHBA_h0.8,0.2,1,1993
1.0,0.024336821611097587,0.0,0.0,0.8064,0.14,0.14,2.0,1.0,0.0005002501250625312,0.0,1999.0,1.0,0.22668865979381414,0.001467542499999988,HICHBA_h0.8,0.2,1,1963
1.0,0.024336821611097587,0.0,0.02,0.7864,0.28,0.28,3.0,1.0,0.0005002501250625312,0.0,1999.0,1.0,0.22668865979381414,0.0007199715999999939,HICHBA_h0.8,0.2,1,1973
1.0,0.024336821611097587,0.0,0.02,0.7864,0.4,0.4,3.0,1.0,0.0005002501250625312,0.0,1999.0,1.0,0.22668865979381414,0.0006603520999999973,HICHBA_h0.8,0.2,1,1921
1.0,0.024336821611097587,0.0,0.02,0.7864,0.16,0.16,3.0,1.0,0.0005002501250625312,0.0,1998.0,1.0,0.22668865979381414,0.0007887300000000014,HICHBA_h0.8,0.2,1,1853
1.0,0.024336821611097587,0.0,0.04,0.7664,0.32,0.32,3.0,1.0,0.0005002501250625312,0.0,1999.0,1.0,0.22668865979381414,0.0005683769000000005,HICHBA_h0.8,0.2,1,1978
1.0,0.024336821611097587,0.0,0.04,0.7664,0.46,0.46,3.0,1.0,0.0005002501250625312,0.0,1999.0,1.0,0.22668865979381414,0.0010042000999999912,HICHBA_h0.8,0.2,1,1914
1.0,0.024336821611097587,0.0,0.04,0.7664,0.38,0.38,3.0,1.0,0.0005002501250625312,0.0,1999.0,1.0,0.22668865979381414,0.0012074115999999996,HICHBA_h0.8,0.2,1,1821
1.0,0.024336821611097587,0.0,0.08,0.7264,0.56,0.56,3.0,1.0,0.0005002501250625312,0.0,1999.0,1.0,0.22668865979381414,0.0012689476000000005,HICHBA_h0.8,0.2,1,1965
1.0,0.024336821611097587,0.0,0.08,0.7264,1.0,1.0,3.0,0.0,0.0005002501250625312,0.0,1999.0,1.0,0.22668865979381414,-0.00012863359999999713,HICHBA_h0.8,0.2,1,1928
2.0,0.048673643222195175,0.0,0.02,0.7895599999999999,0.18,0.19,3.0,2.0,0.0010005002501250625,0.0,1999.0,1.0,0.2218898969072156,-0.0001177680000000042,HICHBA_h0.8,0.2,2,1936
1.0,0.024336821611097587,0.0,0.04,0.7695599999999999,0.54,0.54,3.0,1.0,0.0005002501250625312,0.0,1999.0,1.0,0.2218898969072156,-0.0016983340000000097,HICHBA_h0.8,0.2,2,1914
1.0,0.024336821611097587,0.0,0.04,0.7695599999999999,0.24,0.24,3.0,1.0,0.0005002501250625312,0.0,1999.0,1.0,0.2218898969072156,-0.0001612606999999988,HICHBA_h0.8,0.2,2,1891
1.0,0.024336821611097587,0.0,0.04,0.7695599999999999,0.42,0.42,3.0,1.0,0.0005002501250625312,0.0,1999.0,1.0,0.2218898969072156,-0.0008003536000000117,HICHBA_h0.8,0.2,2,1886
1.0,0.024336821611097587,0.0,0.06,0.74956,0.18,0.18,4.0,1.0,0.0005002501250625312,0.0,1999.0,1.0,0.2218898969072156,0.00017069639999998942,HICHBA_h0.8,0.2,2,1993
1.0,0.024336821611097587,0.0,0.06,0.74956,0.28,0.28,3.0,1.0,0.0005002501250625312,0.0,1999.0,1.0,0.2218898969072156,-0.0009448620000000046,HICHBA_h0.8,0.2,2,1978
1.0,0.024336821611097587,0.0,0.06,0.74956,0.52,0.52,3.0,1.0,0.0005002501250625312,0.0,1999.0,1.0,0.2218898969072156,-4.056700000004687e-06,HICHBA_h0.8,0.2,2,1952
1.0,0.024336821611097587,0.0,0.06,0.74956,0.42,0.42,3.0,1.0,0.0005002501250625312,0.0,1999.0,1.0,0.2218898969072156,-0.000667905200000013,HICHBA_h0.8,0.2,2,1921
1.0,0.024336821611097587,0.0,0.08,0.72956,1.0,1.0,2.0,0.0,0.0005002501250625312,0.0,1999.0,1.0,-0.03711999999999982,-0.00028970949999999884,HICHBA_h0.8,0.2,2,1997
1.0,0.024336821611097587,0.0,0.08,0.72956,0.4,0.4,3.0,1.0,0.0005002501250625312,0.0,1999.0,1.0,0.2218898969072156,0.0003493907999999879,HICHBA_h0.8,0.2,2,1973
1.0,0.024336821611097587,0.0,0.0,0.8097300000000001,0.22,0.22,3.0,1.0,0.0005002501250625312,0.0,1999.0,1.0,0.21979185567010218,0.0006636871000000044,HICHBA_h0.8,0.2,3,1978
1.0,0.024336821611097587,0.0,0.02,0.78973,0.06,0.06,3.0,1.0,0.0005002501250625312,0.0,1998.0,1.0,0.21979185567010218,0.0002521047000000054,HICHBA_h0.8,0.2,3,1853
1.0,0.024336821611097587,0.0,0.04,0.76973,0.28,0.28,4.0,1.0,0.0005002501250625312,0.0,1999.0,1.0,0.21979185567010218,0.001010417099999994,HICHBA_h0.8,0.2,3,1993
2.0,0.048673643222195175,0.0,0.04,0.76973,0.1,0.14,3.0,2.0,0.0010005002501250625,0.0,1999.0,1.0,0.21979185567010218,0.0009444455000000018,HICHBA_h0.8,0.2,3,1936
1.0,0.024336821611097587,0.0,0.04,0.76973,0.38,0.38,3.0,1.0,0.0005002501250625312,0.0,1999.0,1.0,0.21979185567010218,0.0010939415000000008,HICHBA_h0.8,0.2,3,1921
1.0,0.024336821611097587,0.0,0.04,0.76973,0.3,0.3,3.0,1.0,0.0005002501250625312,0.0,1999.0,1.0,0.21979185567010218,-0.00013634329999999417,HICHBA_h0.8,0.2,3,1821
1.0,0.024336821611097587,0.0,0.06,0.74973,0.22,0.22,3.0,1.0,0.0005002501250625312,0.0,1999.0,1.0,0.21979185567010218,0.001619927499999993,HICHBA_h0.8,0.2,3,1891
1.0,0.024336821611097587,0.0,0.06,0.74973,0.34,0.34,3.0,1.0,0.0005002501250625312,0.0,1999.0,1.0,0.21979185567010218,4.010470000000155e-05,HICHBA_h0.8,0.2,3,1886
2.0,0.048673643222195175,0.0,0.06,0.74973,0.02,0.45,2.0,1.0,0.0010005002501250625,0.0,1999.0,1.0,0.21979185567010218,0.00013981549999998732,HICHBA_h0.8,0.2,3,1706
2.0,0.048673643222195175,0.0,0.06,0.74973,0.4,0.63,3.0,1.0,0.0010005002501250625,0.0,1999.0,1.0,0.21979185567010218,0.00028386669999999614,HICHBA_h0.8,0.2,3,1666
1.0,0.024336821611097587,0.0,0.02,0.79141,0.26,0.26,3.0,1.0,0.0005002501250625312,0.0,1999.0,1.0,0.21347185567010218,3.2219000000027753e-06,HICHBA_h0.8,0.2,4,1921
1.0,0.024336821611097587,0.0,0.02,0.79141,0.7,0.7,3.0,1.0,0.0005002501250625312,0.0,1999.0,1.0,0.21347185567010218,0.00013218949999999063,HICHBA_h0.8,0.2,4,1742
1.0,0.024336821611097587,0.0,0.04,0.7714099999999999,0.22,0.22,4.0,1.0,0.0005002501250625312,0.0,1999.0,1.0,0.21347185567010218,0.0007550518999999978,HICHBA_h0.8,0.2,4,1993
1.0,0.024336821611097587,0.0,0.04,0.7714099999999999,0.56,0.56,3.0,1.0,0.0005002501250625312,0.0,1999.0,1.0,0.21347185567010218,-0.0010223872000000161,HICHBA_h0.8,0.2,4,1965
2.0,0.048673643222195175,0.0,0.04,0.7714099999999999,0.16,0.19,3.0,2.0,0.0010005002501250625,0.0,1999.0,1.0,0.21347185567010218,-0.0003383352000000117,HICHBA_h0.8,0.2,4,1936
1.0,0.024336821611097587,0.0,0.06,0.7514099999999999,0.24,0.24,3.0,1.0,0.0005002501250625312,0.0,1999.0,1.0,0.21347185567010218,-0.0010821319999999995,HICHBA_h0.8,0.2,4,1978
1.0,0.024336821611097587,0.0,0.06,0.7514099999999999,0.52,0.52,3.0,1.0,0.0005002501250625312,0.0,1999.0,1.0,0.21347185567010218,-0.0003003592000000027,HICHBA_h0.8,0.2,4,1943
1.0,0.024336821611097587,0.0,0.06,0.7514099999999999,0.44,0.44,3.0,1.0,0.0005002501250625312,0.0,1999.0,1.0,0.21347185567010218,0.0005941414999999922,HICHBA_h0.8,0.2,4,1821
1.0,0.024336821611097587,0.0,0.06,0.7514099999999999,1.0,1.0,2.0,0.0,0.0005002501250625312,0.0,1999.0,1.0,-0.033470000000000444,-0.0009848996999999998,HICHBA_h0.8,0.2,4,1797
1.0,0.024336821611097587,0.0,0.08,0.73141,0.82,0.82,3.0,0.0,0.0005002501250625312,0.0,1999.0,1.0,0.21347185567010218,-0.0008479559999999969,HICHBA_h0.8,0.2,4,1990
1.0,0.024336821611097587,0.0,0.02,0.79025,0.22,0.22,3.0,1.0,0.0005002501250625312,0.0,1999.0,1.0,0.21499226804123706,-9.829440000000411e-05,HICHBA_h0.8,0.2,5,1978
1.0,0.024336821611097587,0.0,0.02,0.79025,0.22,0.22,3.0,1.0,0.0005002501250625312,0.0,1998.0,1.0,0.21499226804123706,0.000711999899999996,HICHBA_h0.8,0.2,5,1853
2.0,0.048673643222195175,0.0,0.04,0.77025,0.28,0.5900000000000001,2.0,1.0,0.0010005002501250625,0.0,1999.0,1.0,0.21499226804123706,-3.446209999999339e-05,HICHBA_h0.8,0.2,5,1992
1.0,0.024336821611097587,0.0,0.06,0.7502500000000001,0.42,0.42,3.0,1.0,0.0005002501250625312,0.0,1999.0,1.0,0.21499226804123706,0.0005479416000000042,HICHBA_h0.8,0.2,5,1921
1.0,0.024336821611097587,0.0,0.06,0.7502500000000001,0.34,0.34,3.0,1.0,0.0005002501250625312,0.0,1999.0,1.0,0.21499226804123706,0.000190226400000007,HICHBA_h0.8,0.2,5,1821
1.0,0.024336821611097587,0.0,0.08,0.7302500000000001,0.92,0.92,3.0,0.0,0.0005002501250625312,0.0,1999.0,1.0,0.21499226804123706,-0.0006408048999999999,HICHBA_h0.8,0.2,5,1975
1.0,0.024336821611097587,0.0,0.08,0.7302500000000001,0.66,0.66,2.0,1.0,0.0005002501250625312,0.0,1999.0,1.0,0.21499226804123706,-0.00038064159999999514,HICHBA_h0.8,0.2,5,1906
1.0,0.024336821611097587,0.0,0.08,0.7302500000000001,0.86,0.86,3.0,0.0,0.0005002501250625312,0.0,1999.0,1.0,0.21499226804123706,9.62504000000114e-05,HICHBA_h0.8,0.2,5,1848
1.0,0.024336821611097587,0.0,0.1,0.71025,1.0,1.0,2.0,0.0,0.0005002501250625312,0.0,1999.0,1.0,0.21499226804123706,0.00013356310000001148,HICHBA_h0.8,0.2,5,1987
1.0,0.024336821611097587,0.0,0.1,0.71025,0.9,0.9,2.0,0.0,0.0005002501250625312,0.0,1999.0,1.0,0.21499226804123706,0.0009654290999999982,HICHBA_h0.8,0.2,5,1969
1.0,0.024336821611097587,0.0,0.04,0.76883,0.26,0.26,3.0,1.0,0.0005002501250625312,0.0,1999.0,1.0,0.21724237113402012,0.0010319639999999963,HICHBA_h0.8,0.2,6,1921
1.0,0.024336821611097587,0.0,0.06,0.7488300000000001,0.38,0.38,3.0,1.0,0.0005002501250625312,0.0,1999.0,1.0,0.21724237113402012,0.00017748000000000763,HICHBA_h0.8,0.2,6,1978
1.0,0.024336821611097587,0.0,0.06,0.7488300000000001,0.46,0.46,3.0,1.0,0.0005002501250625312,0.0,1999.0,1.0,0.21724237113402012,0.000941453599999989,HICHBA_h0.8,0.2,6,1965
1.0,0.024336821611097587,0.0,0.06,0.7488300000000001,0.52,0.52,3.0,1.0,0.0005002501250625312,0.0,1999.0,1.0,0.21724237113402012,0.0011544311000000057,HICHBA_h0.8,0.2,6,1914
1.0,0.024336821611097587,0.0,0.06,0.7488300000000001,0.72,0.72,2.0,1.0,0.0005002501250625312,0.0,1999.0,1.0,0.21724237113402012,0.0005229910999999948,HICHBA_h0.8,0.2,6,1906
1.0,0.024336821611097587,0.0,0.08,0.7288300000000001,0.9,0.9,3.0,0.0,0.0005002501250625312,0.0,1999.0,1.0,0.21724237113402012,0.0007301119999999911,HICHBA_h0.8,0.2,6,1839
1.0,0.024336821611097587,0.0,0.08,0.7288300000000001,1.0,1.0,2.0,0.0,0.0005002501250625312,0.0,1999.0,1.0,-0.031369999999999565,0.0013135466999999873,HICHBA_h0.8,0.2,6,1827
1.0,0.024336821611097587,0.0,0.08,0.7288300000000001,0.4,0.4,3.0,1.0,0.0005002501250625312,0.0,1999.0,1.0,0.21724237113402012,0.001056181500000003,HICHBA_h0.8,0.2,6,1821
1.0,0.024336821611097587,0.0,0.08,0.7288300000000001,0.52,0.52,3.0,1.0,0.0005002501250625312,0.0,1999.0,1.0,0.21724237113402012,0.0017185514999999985,HICHBA_h0.8,0.2,6,1775
1.0,0.024336821611097587,0.0,0.1,0.7088300000000001,0.4,0.4,3.0,1.0,0.0005002501250625312,0.0,1999.0,1.0,0.21724237113402012,0.0013615734999999907,HICHBA_h0.8,0.2,6,1943
1.0,0.024336821611097587,0.0,0.02,0.79053,0.28,0.28,3.0,1.0,0.0005002501250625312,0.0,1999.0,1.0,0.21420010309278315,-0.0003071959999999957,HICHBA_h0.8,0.2,7,1978
1.0,0.024336821611097587,0.0,0.02,0.79053,0.42,0.42,3.0,1.0,0.0005002501250625312,0.0,1999.0,1.0,0.21420010309278315,-0.0005995783999999948,HICHBA_h0.8,0.2,7,1921
1.0,0.024336821611097587,0.0,0.02,0.79053,0.16,0.16,3.0,1.0,0.0005002501250625312,0.0,1998.0,1.0,0.21420010309278315,-0.0007032647999999919,HICHBA_h0.8,0.2,7,1853
1.0,0.024336821611097587,0.0,0.06,0.7505299999999999,0.44,0.44,3.0,1.0,0.0005002501250625312,0.0,1999.0,1.0,0.21420010309278315,-0.0005870773000000024,HICHBA_h0.8,0.2,7,1886
1.0,0.024336821611097587,0.0,0.06,0.7505299999999999,0.38,0.38,3.0,1.0,0.0005002501250625312,0.0,1999.0,1.0,0.21420010309278315,0.00034813549999999915,HICHBA_h0.8,0.2,7,1821
1.0,0.024336821611097587,0.0,0.08,0.73053,0.46,0.46,3.0,1.0,0.0005002501250625312,0.0,1999.0,1.0,0.21420010309278315,0.00033668800000000165,HICHBA_h0.8,0.2,7,1965
2.0,0.048673643222195175,0.0,0.08,0.73053,0.16,0.22999999999999998,3.0,2.0,0.0010005002501250625,0.0,1999.0,1.0,0.21420010309278315,-0.0007831359999999898,HICHBA_h0.8,0.2,7,1936
1.0,0.024336821611097587,0.0,0.1,0.71053,0.62,0.62,3.0,1.0,0.0005002501250625312,0.0,1999.0,1.0,0.21420010309278315,-0.000723578399999994,HICHBA_h0.8,0.2,7,1952
1.0,0.024336821611097587,0.0,0.1,0.71053,1.0,1.0,2.0,0.0,0.0005002501250625312,0.0,1999.0,1.0,-0.091309999999999,-0.0004831480000000027,HICHBA_h0.8,0.2,7,1946
1.0,0.024336821611097587,0.0,0.1,0.71053,1.0,1.0,2.0,0.0,0.0005002501250625312,0.0,1999.0,1.0,-0.091309999999999,-0.0012601592999999939,HICHBA_h0.8,0.2,7,1790
1.0,0.024336821611097587,0.0,0.0,0.81265,0.12,0.12,3.0,1.0,0.0005002501250625312,0.0,1998.0,1.0,0.2109592783505152,6.803760000000103e-05,HICHBA_h0.8,0.2,8,1853
1.0,0.024336821611097587,0.0,0.06,0.75265,0.3,0.3,3.0,1.0,0.0005002501250625312,0.0,1999.0,1.0,0.2109592783505152,-0.0004895249000000101,HICHBA_h0.8,0.2,8,1978
1.0,0.024336821611097587,0.0,0.06,0.75265,0.3,0.3,3.0,1.0,0.0005002501250625312,0.0,1999.0,1.0,0.2109592783505152,-8.874690000000574e-05,HICHBA_h0.8,0.2,8,1921
1.0,0.024336821611097587,0.0,0.06,0.75265,0.64,0.64,3.0,1.0,0.0005002501250625312,0.0,1999.0,0.0,-0.08168009708737911,-0.0007045695999999962,HICHBA_h0.8,0.2,8,1719
1.0,0.024336821611097587,0.0,0.08,0.73265,0.72,0.72,3.0,1.0,0.0005002501250625312,0.0,1999.0,1.0,0.2109592783505152,-0.001354428899999996,HICHBA_h0.8,0.2,8,1970
1.0,0.024336821611097587,0.0,0.08,0.73265,0.6,0.6,3.0,1.0,0.0005002501250625312,0.0,1999.0,1.0,0.2109592783505152,0.000614037599999992,HICHBA_h0.8,0.2,8,1952
1.0,0.024336821611097587,0.0,0.08,0.73265,0.46,0.46,3.0,1.0,0.0005002501250625312,0.0,1999.0,1.0,0.2109592783505152,0.0005721171000000053,HICHBA_h0.8,0.2,8,1943
1.0,0.024336821611097587,0.0,0.08,0.73265,0.72,0.72,3.0,1.0,0.0005002501250625312,0.0,1999.0,1.0,0.2109592783505152,-0.0002077496000000012,HICHBA_h0.8,0.2,8,1892
1.0,0.024336821611097587,0.0,0.08,0.73265,0.46,0.46,3.0,1.0,0.0005002501250625312,0.0,1999.0,1.0,0.2109592783505152,0.0005193374999999945,HICHBA_h0.8,0.2,8,1886
1.0,0.024336821611097587,0.0,0.1,0.71265,0.72,0.72,3.0,1.0,0.0005002501250625312,0.0,1999.0,1.0,0.2109592783505152,-0.0002292616000000025,HICHBA_h0.8,0.2,8,1910
1.0,0.024336821611097587,0.0,0.04,0.77069,0.4,0.4,3.0,1.0,0.0005002501250625312,0.0,1999.0,1.0,0.214071443298969,0.0011023247999999847,HICHBA_h0.8,0.2,9,1886
1.0,0.024336821611097587,0.0,0.06,0.7506900000000001,0.3,0.3,3.0,1.0,0.0005002501250625312,0.0,1999.0,1.0,0.214071443298969,0.0013211338999999933,HICHBA_h0.8,0.2,9,1921
1.0,0.024336821611097587,0.0,0.06,0.7506900000000001,0.16,0.16,3.0,1.0,0.0005002501250625312,0.0,1998.0,1.0,0.214071443298969,0.001617341499999994,HICHBA_h0.8,0.2,9,1853
1.0,0.024336821611097587,0.0,0.06,0.7506900000000001,0.64,0.64,3.0,1.0,0.0005002501250625312,0.0,1999.0,0.0,-0.08383427184466019,0.0012429239999999925,HICHBA_h0.8,0.2,9,1719
1.0,0.024336821611097587,0.0,0.06,0.7506900000000001,1.0,1.0,2.0,0.0,0.0005002501250625312,0.0,1999.0,1.0,-0.08383427184466019,0.0023312714999999956,HICHBA_h0.8,0.2,9,1476
1.0,0.024336821611097587,0.0,0.08,0.7306900000000001,0.98,0.98,2.0,0.0,0.0005002501250625312,0.0,1999.0,1.0,0.214071443298969,0.001761536799999991,HICHBA_h0.8,0.2,9,1977
1.0,0.024336821611097587,0.0,0.08,0.7306900000000001,1.0,1.0,2.0,0.0,0.0005002501250625312,0.0,1999.0,1.0,0.214071443298969,0.0010270263999999918,HICHBA_h0.8,0.2,9,1938
2.0,0.048673643222195175,0.0,0.08,0.7306900000000001,0.22,0.25,3.0,2.0,0.0010005002501250625,0.0,1999.0,1.0,0.214071443298969,0.0010382795000000028,HICHBA_h0.8,0.2,9,1936
1.0,0.024336821611097587,0.0,0.08,0.7306900000000001,0.44,0.44,3.0,1.0,0.0005002501250625312,0.0,1999.0,1.0,0.214071443298969,0.0019295142999999904,HICHBA_h0.8,0.2,9,1914
1.0,0.024336821611097587,0.0,0.08,0.7306900000000001,0.98,0.98,3.0,0.0,0.0005002501250625312,0.0,1999.0,1.0,0.214071443298969,0.0011343222999999902,HICHBA_h0.8,0.2,9,1902
1.0,0.06861540685070097,0.0,0.0,0.45705107951553453,0.1,0.1,4.0,1.0,0.0005268703898840885,0.0,1887.0,1.0,1.3322676295501878e-15,0.001425457538279204,Irvine,0.1,0,1896
1.0,0.06861540685070097,0.0,0.0,0.45705107951553453,0.64,0.64,3.0,0.0,0.0005268703898840885,0.0,1892.0,1.0,1.3322676295501878e-15,-0.0006977700910182211,Irvine,0.1,0,1893
1.0,0.06861540685070097,0.0,0.0,0.45705107951553453,0.0,0.0,1899.0,1.0,0.0005268703898840885,0.0,1.0,1.0,1.3322676295501878e-15,-2.4988291002087104e-05,Irvine,0.1,0,1812
1.0,0.06861540685070097,0.0,0.0,0.45705107951553453,0.0,0.0,1899.0,1.0,0.0005268703898840885,0.0,1.0,1.0,1.3322676295501878e-15,0.00019818351777951826,Irvine,0.1,0,1811
1.0,0.06861540685070097,0.0,0.0,0.45705107951553453,0.02,0.02,4.0,1.0,0.0005268703898840885,0.0,1838.0,1.0,1.3322676295501878e-15,0.0006231095826328137,Irvine,0.1,0,1801
1.0,0.06861540685070097,0.0,0.0,0.45705107951553453,0.0,0.0,1899.0,1.0,0.0005268703898840885,0.0,1.0,1.0,1.3322676295501878e-15,-0.0007966005222670436,Irvine,0.1,0,1797
1.0,0.06861540685070097,0.0,0.0,0.45705107951553453,0.0,0.0,1899.0,1.0,0.0005268703898840885,0.0,1.0,1.0,1.3322676295501878e-15,-0.00010787352119306926,Irvine,0.1,0,1796
1.0,0.06861540685070097,0.0,0.0,0.45705107951553453,0.9,0.9,3.0,0.0,0.0005268703898840885,0.0,1892.0,1.0,1.3322676295501878e-15,0.00017508707917279764,Irvine,0.1,0,1789
1.0,0.06861540685070097,0.0,0.0,0.45705107951553453,0.04,0.04,4.0,1.0,0.0005268703898840885,0.0,1891.0,1.0,1.3322676295501878e-15,0.00047401084964482365,Irvine,0.1,0,1725
1.0,0.06861540685070097,0.0,0.0,0.45705107951553453,0.0,0.0,5.0,1.0,0.0005268703898840885,0.0,1888.0,1.0,1.3322676295501878e-15,0.0005699602434806189,Irvine,0.1,0,1611
1.0,0.06861540685070097,0.0,0.0,0.46021063717746186,0.56,0.56,4.0,0.0,0.0005268703898840885,0.0,1892.0,1.0,-1.6653345369377348e-16,-0.0002475382819759758,Irvine,0.1,1,1884
1.0,0.06861540685070097,0.0,0.0,0.46021063717746186,0.18,0.18,4.0,1.0,0.0005268703898840885,0.0,1890.0,1.0,-1.6653345369377348e-16,0.00030138952321291657,Irvine,0.1,1,1872
1.0,0.06861540685070097,0.0,0.0,0.46021063717746186,0.66,0.66,3.0,0.0,0.0005268703898840885,0.0,1891.0,1.0,-1.6653345369377348e-16,0.00022901418972484655,Irvine,0.1,1,1862
1.0,0.06861540685070097,0.0,0.0,0.46021063717746186,0.0,0.0,1899.0,1.0,0.0005268703898840885,0.0,1.0,1.0,-1.6653345369377348e-16,-0.0015797222617375123,Irvine,0.1,1,1812
1.0,0.06861540685070097,0.0,0.0,0.46021063717746186,0.0,0.0,1899.0,1.0,0.0005268703898840885,0.0,1.0,1.0,-1.6653345369377348e-16,0.0004667360471587445,Irvine,0.1,1,1811
1.0,0.06861540685070097,0.0,0.0,0.46021063717746186,0.0,0.0,4.0,1.0,0.0005268703898840885,0.0,1838.0,1.0,-1.6653345369377348e-16,-0.0001435261096095486,Irvine,0.1,1,1801
2.0,0.13723081370140194,0.0,0.0,0.46021063717746186,0.0,0.03,3.0,2.0,0.001053740779768177,0.0,1890.0,1.0,-1.6653345369377348e-16,0.0001623658803266842,Irvine,0.1,1,1800
1.0,0.06861540685070097,0.0,0.0,0.46021063717746186,0.0,0.0,1899.0,1.0,0.0005268703898840885,0.0,1.0,1.0,-1.6653345369377348e-16,5.262269074850223e-05,Irvine,0.1,1,1797
1.0,0.06861540685070097,0.0,0.0,0.46021063717746186,0.0,0.0,1899.0,1.0,0.0005268703898840885,0.0,1.0,1.0,-1.6653345369377348e-16,0.001168271652079278,Irvine,0.1,1,1796
1.0,0.06861540685070097,0.0,0.0,0.46021063717746186,1.0,1.0,3.0,0.0,0.0005268703898840885,0.0,1892.0,1.0,-1.6653345369377348e-16,-0.0002685041682368994,Irvine,0.1,1,1746
1.0,0.06861540685070097,0.0,0.0,0.4597893628225382,0.12,0.12,4.0,1.0,0.0005268703898840885,0.0,1890.0,1.0,-5.551115123125783e-17,-0.0008157433265644498,Irvine,0.1,2,1872
1.0,0.06861540685070097,0.0,0.0,0.4597893628225382,0.08,0.08,3.0,1.0,0.0005268703898840885,0.0,1890.0,1.0,-5.551115123125783e-17,-0.0017114025535459737,Irvine,0.1,2,1868
2.0,0.13723081370140194,0.0,0.0,0.4597893628225382,0.1,0.22999999999999998,3.0,2.0,0.001053740779768177,0.0,1891.0,1.0,-5.551115123125783e-17,-0.0009486406331760261,Irvine,0.1,2,1844
1.0,0.06861540685070097,0.0,0.0,0.4597893628225382,0.0,0.0,1899.0,1.0,0.0005268703898840885,0.0,1.0,1.0,-5.551115123125783e-17,-0.0011145075940026672,Irvine,0.1,2,1812
1.0,0.06861540685070097,0.0,0.0,0.4597893628225382,0.0,0.0,1899.0,1.0,0.0005268703898840885,0.0,1.0,1.0,-5.551115123125783e-17,-0.000409720700537769,Irvine,0.1,2,1811
1.0,0.06861540685070097,0.0,0.0,0.4597893628225382,0.02,0.02,4.0,1.0,0.0005268703898840885,0.0,1838.0,1.0,-5.551115123125783e-17,-0.0004547833024282494,Irvine,0.1,2,1801
1.0,0.06861540685070097,0.0,0.0,0.4597893628225382,0.04,0.04,4.0,1.0,0.0005268703898840885,0.0,1891.0,1.0,-5.551115123125783e-17,-0.0004696869642041718,Irvine,0.1,2,1725
1.0,0.06861540685070097,0.0,0.0,0.4597893628225382,0.18,0.18,4.0,1.0,0.0005268703898840885,0.0,1891.0,1.0,-5.551115123125783e-17,-0.0007714695880789851,Irvine,0.1,2,1662
1.0,0.06861540685070097,0.0,0.0,0.4597893628225382,0.04,0.04,4.0,1.0,0.0005268703898840885,0.0,1876.0,1.0,-5.551115123125783e-17,-0.0005719108835031822,Irvine,0.1,2,1606
1.0,0.06861540685070097,0.0,0.0,0.4597893628225382,0.18,0.18,4.0,1.0,0.0005268703898840885,0.0,1890.0,1.0,-5.551115123125783e-17,-0.0002760769019807957,Irvine,0.1,2,1569
1.0,0.06861540685070097,0.0,0.0,0.4601474460242233,0.48,0.48,4.0,0.0,0.0005268703898840885,0.0,1892.0,1.0,1.5543122344752192e-15,0.0008142696427625579,Irvine,0.1,3,1873
1.0,0.06861540685070097,0.0,0.0,0.4601474460242233,0.16,0.16,4.0,1.0,0.0005268703898840885,0.0,1890.0,1.0,1.5543122344752192e-15,-0.0009164052697007291,Irvine,0.1,3,1872
1.0,0.06861540685070097,0.0,0.0,0.4601474460242233,0.0,0.0,1899.0,1.0,0.0005268703898840885,0.0,1.0,1.0,1.5543122344752192e-15,-0.0007368088467614581,Irvine,0.1,3,1812
1.0,0.06861540685070097,0.0,0.0,0.4601474460242233,0.0,0.0,1899.0,1.0,0.0005268703898840885,0.0,1.0,1.0,1.5543122344752192e-15,-8.405698961316821e-05,Irvine,0.1,3,1811
1.0,0.06861540685070097,0.0,0.0,0.4601474460242233,0.0,0.0,4.0,1.0,0.0005268703898840885,0.0,1838.0,1.0,1.5543122344752192e-15,-0.0009495861156934987,Irvine,0.1,3,1801
2.0,0.13723081370140194,0.0,0.0,0.4601474460242233,0.0,0.03,3.0,2.0,0.001053740779768177,0.0,1890.0,1.0,1.5543122344752192e-15,-0.0019218394093951097,Irvine,0.1,3,1800
1.0,0.06861540685070097,0.0,0.0,0.4601474460242233,0.68,0.68,3.0,0.0,0.0005268703898840885,0.0,1892.0,1.0,1.5543122344752192e-15,-0.0007114283424579093,Irvine,0.1,3,1781
1.0,0.06861540685070097,0.0,0.0,0.4601474460242233,0.16,0.16,4.0,1.0,0.0005268703898840885,0.0,1891.0,1.0,1.5543122344752192e-15,-0.0006258317825323656,Irvine,0.1,3,1662
1.0,0.06861540685070097,0.0,0.0,0.4601474460242233,0.04,0.04,5.0,1.0,0.0005268703898840885,0.0,1888.0,1.0,1.5543122344752192e-15,-0.0014291389747826122,Irvine,0.1,3,1611
1.0,0.06861540685070097,0.0,0.0,0.4601474460242233,0.02,0.02,4.0,1.0,0.0005268703898840885,0.0,1876.0,1.0,1.5543122344752192e-15,0.00022286544759983484,Irvine,0.1,3,1606
1.0,0.06861540685070097,0.0,0.0,0.46124275934702474,0.18,0.18,4.0,1.0,0.0005268703898840885,0.0,1890.0,1.0,1.27675647831893e-15,-4.4088058319527446e-05,Irvine,0.1,4,1872
1.0,0.06861540685070097,0.0,0.0,0.46124275934702474,0.08,0.08,3.0,1.0,0.0005268703898840885,0.0,1890.0,1.0,1.27675647831893e-15,-0.00026013924348641804,Irvine,0.1,4,1868
1.0,0.06861540685070097,0.0,0.0,0.46124275934702474,0.0,0.0,1899.0,1.0,0.0005268703898840885,0.0,1.0,1.0,1.27675647831893e-15,0.0006163751826367969,Irvine,0.1,4,1812
1.0,0.06861540685070097,0.0,0.0,0.46124275934702474,0.0,0.0,1899.0,1.0,0.0005268703898840885,0.0,1.0,1.0,1.27675647831893e-15,0.00010878661505557552,Irvine,0.1,4,1811
1.0,0.06861540685070097,0.0,0.0,0.46124275934702474,0.02,0.02,4.0,1.0,0.0005268703898840885,0.0,1838.0,1.0,1.27675647831893e-15,0.001554397217459591,Irvine,0.1,4,1801
1.0,0.06861540685070097,0.0,0.0,0.46124275934702474,0.8,0.8,3.0,0.0,0.0005268703898840885,0.0,1892.0,1.0,1.27675647831893e-15,0.0003428228210241302,Irvine,0.1,4,1734
1.0,0.06861540685070097,0.0,0.0,0.46124275934702474,0.24,0.24,4.0,1.0,0.0005268703898840885,0.0,1891.0,1.0,1.27675647831893e-15,-0.0010619900554627998,Irvine,0.1,4,1662
1.0,0.06861540685070097,0.0,0.0,0.46124275934702474,0.06,0.06,5.0,1.0,0.0005268703898840885,0.0,1888.0,1.0,1.27675647831893e-15,-5.153855816687758e-05,Irvine,0.1,4,1611
1.0,0.06861540685070097,0.0,0.0,0.46124275934702474,0.02,0.02,4.0,1.0,0.0005268703898840885,0.0,1876.0,1.0,1.27675647831893e-15,0.0002966716497499744,Irvine,0.1,4,1606
1.0,0.06861540685070097,0.0,0.0,0.46124275934702474,0.02,0.02,4.0,1.0,0.0005268703898840885,0.0,1892.0,1.0,1.27675647831893e-15,0.0003261335682620131,Irvine,0.1,4,1332
1.0,0.06861540685070097,0.0,0.0,0.4602422327540811,0.98,0.98,2.0,0.0,0.0005268703898840885,0.0,1892.0,1.0,6.661338147750939e-16,-0.001242962330718675,Irvine,0.1,5,1894
1.0,0.06861540685070097,0.0,0.0,0.4602422327540811,0.78,0.78,3.0,0.0,0.0005268703898840885,0.0,1891.0,1.0,6.661338147750939e-16,-0.0011788012925513652,Irvine,0.1,5,1862
1.0,0.06861540685070097,0.0,0.0,0.4602422327540811,0.0,0.0,1899.0,1.0,0.0005268703898840885,0.0,1.0,1.0,6.661338147750939e-16,0.001409207307080218,Irvine,0.1,5,1812
1.0,0.06861540685070097,0.0,0.0,0.4602422327540811,0.0,0.0,1899.0,1.0,0.0005268703898840885,0.0,1.0,1.0,6.661338147750939e-16,-0.0006156482126204316,Irvine,0.1,5,1811
1.0,0.06861540685070097,0.0,0.0,0.4602422327540811,0.06,0.06,4.0,1.0,0.0005268703898840885,0.0,1891.0,1.0,6.661338147750939e-16,0.00024252225541503136,Irvine,0.1,5,1662
1.0,0.06861540685070097,0.0,0.0,0.4602422327540811,0.08,0.08,5.0,1.0,0.0005268703898840885,0.0,1888.0,1.0,6.661338147750939e-16,0.000786733074501389,Irvine,0.1,5,1611
1.0,0.06861540685070097,0.0,0.0,0.4602422327540811,0.02,0.02,4.0,1.0,0.0005268703898840885,0.0,1876.0,1.0,6.661338147750939e-16,-4.706093753509277e-05,Irvine,0.1,5,1606
1.0,0.06861540685070097,0.0,0.0,0.4602422327540811,0.04,0.04,4.0,1.0,0.0005268703898840885,0.0,1891.0,1.0,6.661338147750939e-16,-0.0005850100978841838,Irvine,0.1,5,1257
1.0,0.06861540685070097,0.0,0.0,0.4602422327540811,0.18,0.18,3.0,1.0,0.0005268703898840885,0.0,1890.0,1.0,6.661338147750939e-16,0.00022813925236002397,Irvine,0.1,5,1204
1.0,0.06861540685070097,0.0,0.0,0.4602422327540811,0.8,0.8,3.0,0.0,0.0005268703898840885,0.0,1892.0,1.0,6.661338147750939e-16,-0.000558718939959249,Irvine,0.1,5,1154
2.0,0.13723081370140194,0.0,0.0,0.4617693522906793,0.0,0.18,3.0,2.0,0.001053740779768177,0.0,1891.0,1.0,3.885780586188048e-16,-0.0011331324016603667,Irvine,0.1,6,1844
3.0,0.20584622055210292,0.0,0.0,0.4617693522906793,0.0,0.16666666666666666,4.0,3.0,0.0015806111696522655,0.0,1892.0,1.0,3.885780586188048e-16,-6.565912438047383e-05,Irvine,0.1,6,1843
1.0,0.06861540685070097,0.0,0.0,0.4617693522906793,0.84,0.84,3.0,0.0,0.0005268703898840885,0.0,1892.0,1.0,3.885780586188048e-16,0.00016166553112263726,Irvine,0.1,6,1781
1.0,0.06861540685070097,0.0,0.0,0.4617693522906793,0.4,0.4,2.0,1.0,0.0005268703898840885,0.0,1892.0,1.0,3.885780586188048e-16,1.9825849973398313e-06,Irvine,0.1,6,1696
1.0,0.06861540685070097,0.0,0.0,0.4617693522906793,0.08,0.08,5.0,1.0,0.0005268703898840885,0.0,1888.0,1.0,3.885780586188048e-16,-0.0009256575548617502,Irvine,0.1,6,1611
1.0,0.06861540685070097,0.0,0.0,0.4617693522906793,0.04,0.04,4.0,1.0,0.0005268703898840885,0.0,1876.0,1.0,3.885780586188048e-16,-0.0006838959891586754,Irvine,0.1,6,1606
1.0,0.06861540685070097,0.0,0.0,0.4617693522906793,0.22,0.22,4.0,1.0,0.0005268703898840885,0.0,1890.0,1.0,3.885780586188048e-16,-0.00024594791028009766,Irvine,0.1,6,1594
2.0,0.13723081370140194,0.0,0.0,0.4617693522906793,0.08,0.5,3.0,1.0,0.001053740779768177,0.0,1891.0,1.0,3.885780586188048e-16,-0.0010998490655401844,Irvine,0.1,6,1465
1.0,0.06861540685070097,0.0,0.0,0.4617693522906793,0.34,0.34,3.0,1.0,0.0005268703898840885,0.0,1892.0,1.0,3.885780586188048e-16,-8.400818479059602e-05,Irvine,0.1,6,1438
1.0,0.06861540685070097,0.0,0.0,0.4617693522906793,0.22,0.22,4.0,1.0,0.0005268703898840885,0.0,1891.0,1.0,3.885780586188048e-16,-0.0014046141077549562,Irvine,0.1,6,1410
2.0,0.13723081370140194,0.0,0.0,0.46068457082675096,0.08,0.37,2.0,1.0,0.001053740779768177,0.0,1892.0,1.0,1.1657341758564144e-15,-0.00012052639328756498,Irvine,0.1,7,1892
1.0,0.06861540685070097,0.0,0.0,0.46068457082675096,0.1,0.1,3.0,1.0,0.0005268703898840885,0.0,1890.0,1.0,1.1657341758564144e-15,-0.0009365692039905726,Irvine,0.1,7,1868
1.0,0.06861540685070097,0.0,0.0,0.46068457082675096,0.36,0.36,4.0,1.0,0.0005268703898840885,0.0,1890.0,1.0,1.1657341758564144e-15,0.00030811527144493367,Irvine,0.1,7,1692
1.0,0.06861540685070097,0.0,0.0,0.46068457082675096,0.18,0.18,4.0,1.0,0.0005268703898840885,0.0,1891.0,1.0,1.1657341758564144e-15,-0.000548705299565938,Irvine,0.1,7,1662
1.0,0.06861540685070097,0.0,0.0,0.46068457082675096,0.02,0.02,4.0,1.0,0.0005268703898840885,0.0,1888.0,1.0,1.1657341758564144e-15,0.000473940970012493,Irvine,0.1,7,1611
2.0,0.13723081370140194,0.0,0.0,0.46068457082675096,0.08,0.09,4.0,2.0,0.001053740779768177,0.0,1891.0,1.0,1.1657341758564144e-15,-0.0013961857367351393,Irvine,0.1,7,1571
1.0,0.06861540685070097,0.0,0.0,0.46068457082675096,0.4,0.4,4.0,1.0,0.0005268703898840885,0.0,1892.0,1.0,1.1657341758564144e-15,0.00012011865117890486,Irvine,0.1,7,1489
1.0,0.06861540685070097,0.0,0.0,0.46068457082675096,0.4,0.4,4.0,1.0,0.0005268703898840885,0.0,1891.0,1.0,1.1657341758564144e-15,-0.0010984519165737061,Irvine,0.1,7,1410
1.0,0.06861540685070097,0.0,0.0,0.46068457082675096,0.04,0.04,4.0,1.0,0.0005268703898840885,0.0,1892.0,1.0,1.1657341758564144e-15,2.115356298774962e-05,Irvine,0.1,7,1332
1.0,0.06861540685070097,0.0,0.0,0.46068457082675096,0.16,0.16,3.0,1.0,0.0005268703898840885,0.0,1890.0,1.0,1.1657341758564144e-15,-0.0010478175786652055,Irvine,0.1,7,1204
1.0,0.06861540685070097,0.0,0.0,0.4603159557661927,0.5,0.5,4.0,0.0,0.0005268703898840885,0.0,1892.0,1.0,8.881784197001252e-16,-0.0018167266882794242,Irvine,0.1,8,1887
1.0,0.06861540685070097,0.0,0.0,0.4603159557661927,0.12,0.12,3.0,1.0,0.0005268703898840885,0.0,1890.0,1.0,8.881784197001252e-16,-2.6850638663769577e-05,Irvine,0.1,8,1868
1.0,0.06861540685070097,0.0,0.0,0.4603159557661927,0.16,0.16,4.0,1.0,0.0005268703898840885,0.0,1890.0,1.0,8.881784197001252e-16,0.00018401348122304428,Irvine,0.1,8,1692
1.0,0.06861540685070097,0.0,0.0,0.4603159557661927,0.02,0.02,4.0,1.0,0.0005268703898840885,0.0,1876.0,1.0,8.881784197001252e-16,-0.00013155539583066533,Irvine,0.1,8,1606
2.0,0.13723081370140194,0.0,0.0,0.4603159557661927,0.06,0.07,4.0,2.0,0.001053740779768177,0.0,1891.0,1.0,8.881784197001252e-16,0.00032989553272266825,Irvine,0.1,8,1571
1.0,0.06861540685070097,0.0,0.0,0.4603159557661927,0.72,0.72,3.0,0.0,0.0005268703898840885,0.0,1892.0,1.0,8.881784197001252e-16,0.0002091501832538062,Irvine,0.1,8,1468
1.0,0.06861540685070097,0.0,0.0,0.4603159557661927,0.02,0.02,4.0,1.0,0.0005268703898840885,0.0,1892.0,1.0,8.881784197001252e-16,0.0005130163293726869,Irvine,0.1,8,1332
1.0,0.06861540685070097,0.0,0.0,0.4603159557661927,0.08,0.08,4.0,1.0,0.0005268703898840885,0.0,1891.0,1.0,8.881784197001252e-16,-0.00028012304361292595,Irvine,0.1,8,1257
2.0,0.13723081370140194,0.0,0.0,0.4603159557661927,0.16,0.24,3.0,2.0,0.001053740779768177,0.0,1891.0,1.0,8.881784197001252e-16,-0.0017538691825552538,Irvine,0.1,8,1203
1.0,0.06861540685070097,0.0,0.0,0.4603159557661927,0.2,0.2,3.0,1.0,0.0005268703898840885,0.0,1891.0,1.0,8.881784197001252e-16,-0.00023830374402313004,Irvine,0.1,8,1081
1.0,0.06861540685070097,0.0,0.0,0.4626224328593997,0.16,0.16,4.0,1.0,0.0005268703898840885,0.0,1890.0,1.0,9.992007221626409e-16,0.0011083253540221522,Irvine,0.1,9,1872
1.0,0.06861540685070097,0.0,0.0,0.4626224328593997,0.98,0.98,3.0,0.0,0.0005268703898840885,0.0,1892.0,1.0,9.992007221626409e-16,-0.000722331783502908,Irvine,0.1,9,1857
1.0,0.06861540685070097,0.0,0.0,0.4626224328593997,0.02,0.02,4.0,1.0,0.0005268703898840885,0.0,1876.0,1.0,9.992007221626409e-16,0.00036713339051261396,Irvine,0.1,9,1606
1.0,0.06861540685070097,0.0,0.0,0.4626224328593997,0.24,0.24,4.0,1.0,0.0005268703898840885,0.0,1890.0,1.0,9.992007221626409e-16,0.0008212944314529291,Irvine,0.1,9,1594
1.0,0.06861540685070097,0.0,0.0,0.4626224328593997,0.46,0.46,3.0,1.0,0.0005268703898840885,0.0,1892.0,1.0,9.992007221626409e-16,0.0001313282315655584,Irvine,0.1,9,1583
2.0,0.13723081370140194,0.0,0.0,0.4626224328593997,0.16,0.16999999999999998,4.0,2.0,0.001053740779768177,0.0,1891.0,1.0,9.992007221626409e-16,-0.0001324673804926485,Irvine,0.1,9,1571
1.0,0.06861540685070097,0.0,0.0,0.4626224328593997,0.8,0.8,3.0,0.0,0.0005268703898840885,0.0,1892.0,1.0,9.992007221626409e-16,0.0008397459819904779,Irvine,0.1,9,1468
2.0,0.13723081370140194,0.0,0.0,0.4626224328593997,0.22,0.38,3.0,1.0,0.001053740779768177,0.0,1892.0,1.0,9.992007221626409e-16,0.000581185352674457,Irvine,0.1,9,1403
1.0,0.06861540685070097,0.0,0.0,0.4626224328593997,0.04,0.04,4.0,1.0,0.0005268703898840885,0.0,1891.0,1.0,9.992007221626409e-16,-0.0004859691403779204,Irvine,0.1,9,1257
1.0,0.06861540685070097,0.0,0.0,0.4626224328593997,0.18,0.18,3.0,1.0,0.0005268703898840885,0.0,1890.0,1.0,9.992007221626409e-16,0.0002473257591576322,Irvine,0.1,9,1204
1.0,0.06861540685070097,0.0,0.0,0.633754607688257,0.38,0.38,4.0,1.0,0.0005268703898840885,0.0,1890.0,1.0,-4.3298697960381105e-15,0.0006772603080083539,Irvine,0.2,0,1872
1.0,0.06861540685070097,0.0,0.0,0.633754607688257,0.0,0.0,1899.0,1.0,0.0005268703898840885,0.0,1.0,1.0,-4.3298697960381105e-15,0.00045701368282022314,Irvine,0.2,0,1812
1.0,0.06861540685070097,0.0,0.0,0.633754607688257,0.0,0.0,1899.0,1.0,0.0005268703898840885,0.0,1.0,1.0,-4.3298697960381105e-15,2.0897337669203986e-05,Irvine,0.2,0,1811
1.0,0.06861540685070097,0.0,0.0,0.633754607688257,0.0,0.0,1899.0,1.0,0.0005268703898840885,0.0,1.0,1.0,-4.3298697960381105e-15,0.0008151212869166174,Irvine,0.2,0,1797
1.0,0.06861540685070097,0.0,0.0,0.633754607688257,0.0,0.0,1899.0,1.0,0.0005268703898840885,0.0,1.0,1.0,-4.3298697960381105e-15,0.0011373777557046882,Irvine,0.2,0,1796
1.0,0.06861540685070097,0.0,0.0,0.633754607688257,0.1,0.1,4.0,1.0,0.0005268703898840885,0.0,1876.0,1.0,-4.3298697960381105e-15,0.00020647124217423873,Irvine,0.2,0,1606
1.0,0.06861540685070097,0.0,0.0,0.633754607688257,0.38,0.38,3.0,1.0,0.0005268703898840885,0.0,1891.0,1.0,-4.3298697960381105e-15,0.00039555865022500303,Irvine,0.2,0,844
1.0,0.06861540685070097,0.0,0.0,0.633754607688257,0.16,0.16,4.0,1.0,0.0005268703898840885,0.0,1890.0,1.0,-4.3298697960381105e-15,-0.0005449883686461099,Irvine,0.2,0,425
1.0,0.06861540685070097,0.0,0.0,0.633754607688257,0.0,0.0,1899.0,1.0,0.0005268703898840885,0.0,1.0,1.0,-4.3298697960381105e-15,-2.5121395063665286e-05,Irvine,0.2,0,229
1.0,0.06861540685070097,0.0,0.0,0.633754607688257,0.0,0.0,1899.0,1.0,0.0005268703898840885,0.0,1.0,1.0,-4.3298697960381105e-15,-0.00021102983444350187,Irvine,0.2,0,228
1.0,0.06861540685070097,0.0,0.0,0.6334913112164297,0.0,0.0,1899.0,1.0,0.0005268703898840885,0.0,1.0,1.0,-3.552713678800501e-15,-0.0010751615897172662,Irvine,0.2,1,1812
1.0,0.06861540685070097,0.0,0.0,0.6334913112164297,0.0,0.0,1899.0,1.0,0.0005268703898840885,0.0,1.0,1.0,-3.552713678800501e-15,-0.00046438032710878485,Irvine,0.2,1,1811
1.0,0.06861540685070097,0.0,0.0,0.6334913112164297,0.2,0.2,5.0,1.0,0.0005268703898840885,0.0,1888.0,1.0,-3.552713678800501e-15,-2.6693575871108988e-05,Irvine,0.2,1,1611
1.0,0.06861540685070097,0.0,0.0,0.6334913112164297,0.0,0.0,1899.0,1.0,0.0005268703898840885,0.0,1.0,1.0,-3.552713678800501e-15,0.0008045925338049653,Irvine,0.2,1,229
1.0,0.06861540685070097,0.0,0.0,0.6334913112164297,0.0,0.0,1899.0,1.0,0.0005268703898840885,0.0,1.0,1.0,-3.552713678800501e-15,-0.000732432385216461,Irvine,0.2,1,228
1.0,0.06861540685070097,0.0,0.02,0.6134913112164296,0.26,0.26,4.0,1.0,0.0005268703898840885,0.0,1890.0,1.0,-3.552713678800501e-15,-9.7891382094345e-05,Irvine,0.2,1,1872
1.0,0.06861540685070097,0.0,0.02,0.6134913112164296,0.1,0.1,4.0,1.0,0.0005268703898840885,0.0,1838.0,1.0,-3.552713678800501e-15,0.000537555172326773,Irvine,0.2,1,1801
1.0,0.06861540685070097,0.0,0.02,0.6134913112164296,0.02,0.02,4.0,1.0,0.0005268703898840885,0.0,1876.0,1.0,-3.552713678800501e-15,-0.00047561630646766884,Irvine,0.2,1,1606
2.0,0.13723081370140194,0.0,0.02,0.6134913112164296,0.02,0.22,3.0,2.0,0.001053740779768177,0.0,1891.0,1.0,-3.552713678800501e-15,-0.0005521429337965317,Irvine,0.2,1,1595
1.0,0.06861540685070097,0.0,0.02,0.6134913112164296,0.2,0.2,4.0,1.0,0.0005268703898840885,0.0,1890.0,1.0,-3.552713678800501e-15,0.00036945405982638513,Irvine,0.2,1,425
1.0,0.06861540685070097,0.0,0.0,0.6343970510795155,0.18,0.18,4.0,1.0,0.0005268703898840885,0.0,1887.0,1.0,-3.3306690738754696e-15,-0.0005680262414657355,Irvine,0.2,2,1896
1.0,0.06861540685070097,0.0,0.0,0.6343970510795155,0.0,0.0,1899.0,1.0,0.0005268703898840885,0.0,1.0,1.0,-3.3306690738754696e-15,-0.0009427907096692667,Irvine,0.2,2,1812
1.0,0.06861540685070097,0.0,0.0,0.6343970510795155,0.0,0.0,1899.0,1.0,0.0005268703898840885,0.0,1.0,1.0,-3.3306690738754696e-15,-0.000257445660960115,Irvine,0.2,2,1811
1.0,0.06861540685070097,0.0,0.0,0.6343970510795155,0.04,0.04,4.0,1.0,0.0005268703898840885,0.0,1838.0,1.0,-3.3306690738754696e-15,-0.0003337861644428647,Irvine,0.2,2,1801
1.0,0.06861540685070097,0.0,0.0,0.6343970510795155,0.08,0.08,4.0,1.0,0.0005268703898840885,0.0,1876.0,1.0,-3.3306690738754696e-15,0.00015465249995771924,Irvine,0.2,2,1606
1.0,0.06861540685070097,0.0,0.0,0.6343970510795155,0.28,0.28,4.0,1.0,0.0005268703898840885,0.0,1892.0,1.0,-3.3306690738754696e-15,-0.0014868236129932794,Irvine,0.2,2,1332
2.0,0.13723081370140194,0.0,0.04,0.5943970510795155,0.0,0.13,3.0,2.0,0.001053740779768177,0.0,1890.0,1.0,-3.3306690738754696e-15,-0.0008981562591768855,Irvine,0.2,2,1800
1.0,0.06861540685070097,0.0,0.04,0.5943970510795155,0.24,0.24,4.0,1.0,0.0005268703898840885,0.0,1891.0,1.0,-3.3306690738754696e-15,-0.0013977494876186852,Irvine,0.2,2,1725
1.0,0.06861540685070097,0.0,0.04,0.5943970510795155,0.16,0.16,5.0,1.0,0.0005268703898840885,0.0,1888.0,1.0,-3.3306690738754696e-15,-0.00016887245053727462,Irvine,0.2,2,1611
2.0,0.13723081370140194,0.0,0.04,0.5943970510795155,0.2,0.22,4.0,2.0,0.001053740779768177,0.0,1891.0,1.0,-3.3306690738754696e-15,-0.0006263810586265156,Irvine,0.2,2,1571
1.0,0.06861540685070097,0.0,0.0,0.6335439705107951,0.0,0.0,1899.0,1.0,0.0005268703898840885,0.0,1.0,1.0,-3.219646771412954e-15,-0.0019018740219971242,Irvine,0.2,3,1812
1.0,0.06861540685070097,0.0,0.0,0.6335439705107951,0.0,0.0,1899.0,1.0,0.0005268703898840885,0.0,1.0,1.0,-3.219646771412954e-15,-0.002683859718301901,Irvine,0.2,3,1811
1.0,0.06861540685070097,0.0,0.0,0.6335439705107951,0.18,0.18,4.0,1.0,0.0005268703898840885,0.0,1892.0,1.0,-3.219646771412954e-15,0.000341182313465041,Irvine,0.2,3,1332
1.0,0.06861540685070097,0.0,0.02,0.6135439705107951,1.0,1.0,3.0,0.0,0.0005268703898840885,0.0,1892.0,1.0,-3.219646771412954e-15,-0.0005069467841642833,Irvine,0.2,3,1775
1.0,0.06861540685070097,0.0,0.02,0.6135439705107951,0.18,0.18,4.0,1.0,0.0005268703898840885,0.0,1890.0,1.0,-3.219646771412954e-15,-0.0013196280517919073,Irvine,0.2,3,425
1.0,0.06861540685070097,0.0,0.04,0.5935439705107951,0.2,0.2,4.0,1.0,0.0005268703898840885,0.0,1887.0,1.0,-3.219646771412954e-15,-0.0006292851674102595,Irvine,0.2,3,1896
1.0,0.06861540685070097,0.0,0.04,0.5935439705107951,0.12,0.12,4.0,1.0,0.0005268703898840885,0.0,1838.0,1.0,-3.219646771412954e-15,-0.0010055849909641756,Irvine,0.2,3,1801
1.0,0.06861540685070097,0.0,0.04,0.5935439705107951,0.32,0.32,4.0,1.0,0.0005268703898840885,0.0,1891.0,1.0,-3.219646771412954e-15,-0.0013907896980783901,Irvine,0.2,3,1662
1.0,0.06861540685070097,0.0,0.04,0.5935439705107951,0.48,0.48,4.0,1.0,0.0005268703898840885,0.0,1890.0,1.0,-3.219646771412954e-15,-0.0006853860891281593,Irvine,0.2,3,1594
2.0,0.13723081370140194,0.0,0.04,0.5935439705107951,0.14,0.16,4.0,2.0,0.001053740779768177,0.0,1891.0,1.0,-3.219646771412954e-15,-0.0011112370053693726,Irvine,0.2,3,1571
1.0,0.06861540685070097,0.0,0.0,0.6368509741969458,0.0,0.0,1899.0,1.0,0.0005268703898840885,0.0,1.0,1.0,-3.219646771412954e-15,-0.0004571110706253073,Irvine,0.2,4,1812
1.0,0.06861540685070097,0.0,0.0,0.6368509741969458,0.0,0.0,1899.0,1.0,0.0005268703898840885,0.0,1.0,1.0,-3.219646771412954e-15,-0.0009566202216681752,Irvine,0.2,4,1811
1.0,0.06861540685070097,0.0,0.0,0.6368509741969458,0.22,0.22,5.0,1.0,0.0005268703898840885,0.0,1888.0,1.0,-3.219646771412954e-15,-9.973620438795405e-05,Irvine,0.2,4,1611
1.0,0.06861540685070097,0.0,0.02,0.6168509741969458,0.34,0.34,4.0,1.0,0.0005268703898840885,0.0,1887.0,1.0,-3.219646771412954e-15,-0.0004376665637883248,Irvine,0.2,4,1896
1.0,0.06861540685070097,0.0,0.02,0.6168509741969458,0.02,0.02,4.0,1.0,0.0005268703898840885,0.0,1838.0,1.0,-3.219646771412954e-15,-0.0006334834913528237,Irvine,0.2,4,1801
2.0,0.13723081370140194,0.0,0.02,0.6168509741969458,0.02,0.09999999999999999,3.0,2.0,0.001053740779768177,0.0,1890.0,1.0,-3.219646771412954e-15,-0.0010042375341807186,Irvine,0.2,4,1800
1.0,0.06861540685070097,0.0,0.04,0.5968509741969458,0.34,0.34,3.0,1.0,0.0005268703898840885,0.0,1890.0,1.0,-3.219646771412954e-15,-0.0005842323264843019,Irvine,0.2,4,1868
1.0,0.06861540685070097,0.0,0.04,0.5968509741969458,0.34,0.34,4.0,1.0,0.0005268703898840885,0.0,1891.0,1.0,-3.219646771412954e-15,-0.00014601493372111418,Irvine,0.2,4,1725
1.0,0.06861540685070097,0.0,0.04,0.5968509741969458,0.68,0.68,3.0,0.0,0.0005268703898840885,0.0,1892.0,1.0,-3.219646771412954e-15,-0.0022677222927951213,Irvine,0.2,4,1438
1.0,0.06861540685070097,0.0,0.04,0.5968509741969458,0.68,0.68,4.0,0.0,0.0005268703898840885,0.0,1891.0,1.0,-3.219646771412954e-15,-5.689266904423951e-05,Irvine,0.2,4,1410
1.0,0.06861540685070097,0.0,0.0,0.63550289626119,0.0,0.0,1899.0,1.0,0.0005268703898840885,0.0,1.0,1.0,-3.774758283725532e-15,0.001119681348876564,Irvine,0.2,5,1812
1.0,0.06861540685070097,0.0,0.0,0.63550289626119,0.0,0.0,1899.0,1.0,0.0005268703898840885,0.0,1.0,1.0,-3.774758283725532e-15,0.000726490841747307,Irvine,0.2,5,1811
1.0,0.06861540685070097,0.0,0.02,0.61550289626119,0.26,0.26,4.0,1.0,0.0005268703898840885,0.0,1887.0,1.0,-3.774758283725532e-15,-0.0007349837682369964,Irvine,0.2,5,1896
1.0,0.06861540685070097,0.0,0.02,0.61550289626119,0.26,0.26,4.0,1.0,0.0005268703898840885,0.0,1890.0,1.0,-3.774758283725532e-15,0.0006147178152299398,Irvine,0.2,5,1872
1.0,0.06861540685070097,0.0,0.02,0.61550289626119,0.02,0.02,4.0,1.0,0.0005268703898840885,0.0,1838.0,1.0,-3.774758283725532e-15,0.0002704142115206587,Irvine,0.2,5,1801
2.0,0.13723081370140194,0.0,0.02,0.61550289626119,0.02,0.16,3.0,2.0,0.001053740779768177,0.0,1890.0,1.0,-3.774758283725532e-15,0.00024748836795286666,Irvine,0.2,5,1800
1.0,0.06861540685070097,0.0,0.02,0.61550289626119,0.18,0.18,4.0,1.0,0.0005268703898840885,0.0,1890.0,1.0,-3.774758283725532e-15,-0.00014486824223053363,Irvine,0.2,5,425
1.0,0.06861540685070097,0.0,0.04,0.59550289626119,0.48,0.48,4.0,1.0,0.0005268703898840885,0.0,1890.0,1.0,-3.774758283725532e-15,-0.0012001281126592794,Irvine,0.2,5,1692
1.0,0.06861540685070097,0.0,0.04,0.59550289626119,0.28,0.28,4.0,1.0,0.0005268703898840885,0.0,1891.0,1.0,-3.774758283725532e-15,0.0005462231306574417,Irvine,0.2,5,1662
2.0,0.13723081370140194,0.0,0.04,0.59550289626119,0.18,0.22,4.0,2.0,0.001053740779768177,0.0,1891.0,1.0,-3.774758283725532e-15,2.4081852342663912e-05,Irvine,0.2,5,1571
1.0,0.06861540685070097,0.0,0.0,0.6367667193259611,0.02,0.02,4.0,1.0,0.0005268703898840885,0.0,1838.0,1.0,-2.220446049250313e-15,0.0008101971021581972,Irvine,0.2,6,1801
2.0,0.13723081370140194,0.0,0.02,0.616766719325961,0.0,0.07,3.0,2.0,0.001053740779768177,0.0,1890.0,1.0,-2.220446049250313e-15,-4.620352553837137e-05,Irvine,0.2,6,1800
1.0,0.06861540685070097,0.0,0.02,0.616766719325961,0.26,0.26,4.0,1.0,0.0005268703898840885,0.0,1891.0,1.0,-2.220446049250313e-15,0.000810471962045381,Irvine,0.2,6,1725
1.0,0.06861540685070097,0.0,0.02,0.616766719325961,1.0,1.0,3.0,0.0,0.0005268703898840885,0.0,1892.0,1.0,-2.220446049250313e-15,0.0004253273735989882,Irvine,0.2,6,910
1.0,0.06861540685070097,0.0,0.02,0.616766719325961,0.54,0.54,3.0,1.0,0.0005268703898840885,0.0,1891.0,1.0,-2.220446049250313e-15,-0.00029853288821116153,Irvine,0.2,6,844
1.0,0.06861540685070097,0.0,0.02,0.616766719325961,0.2,0.2,4.0,1.0,0.0005268703898840885,0.0,1890.0,1.0,-2.220446049250313e-15,0.0003038319827430719,Irvine,0.2,6,425
1.0,0.06861540685070097,0.0,0.04,0.596766719325961,0.76,0.76,2.0,0.0,0.0005268703898840885,0.0,1892.0,1.0,-2.220446049250313e-15,-0.00029959860806427763,Irvine,0.2,6,981
1.0,0.06861540685070097,0.0,0.06,0.5767667193259611,1.0,1.0,3.0,0.0,0.0005268703898840885,0.0,1892.0,1.0,-2.220446049250313e-15,0.001300974404920871,Irvine,0.2,6,1734
1.0,0.06861540685070097,0.0,0.06,0.5767667193259611,0.48,0.48,4.0,1.0,0.0005268703898840885,0.0,1890.0,1.0,-2.220446049250313e-15,0.0016797293328907614,Irvine,0.2,6,1692
1.0,0.06861540685070097,0.0,0.06,0.5767667193259611,0.2,0.2,4.0,1.0,0.0005268703898840885,0.0,1891.0,1.0,-2.220446049250313e-15,0.0011463959995574313,Irvine,0.2,6,1257
1.0,0.06861540685070097,0.0,0.0,0.6372195892575039,0.04,0.04,4.0,1.0,0.0005268703898840885,0.0,1838.0,1.0,-2.7755575615628914e-15,0.0005668387313962908,Irvine,0.2,7,1801
1.0,0.06861540685070097,0.0,0.04,0.5972195892575038,0.22,0.22,4.0,1.0,0.0005268703898840885,0.0,1887.0,1.0,-2.7755575615628914e-15,0.000669574435812087,Irvine,0.2,7,1896
1.0,0.06861540685070097,0.0,0.04,0.5972195892575038,0.2,0.2,4.0,1.0,0.0005268703898840885,0.0,1890.0,1.0,-2.7755575615628914e-15,-0.0004722507702704243,Irvine,0.2,7,1872
2.0,0.13723081370140194,0.0,0.04,0.5972195892575038,0.0,0.07,3.0,2.0,0.001053740779768177,0.0,1890.0,1.0,-2.7755575615628914e-15,0.00041717186590542465,Irvine,0.2,7,1800
1.0,0.06861540685070097,0.0,0.04,0.5972195892575038,0.28,0.28,4.0,1.0,0.0005268703898840885,0.0,1890.0,1.0,-2.7755575615628914e-15,0.000792195887029043,Irvine,0.2,7,425
1.0,0.06861540685070097,0.0,0.06,0.5772195892575038,0.98,0.98,2.0,0.0,0.0005268703898840885,0.0,1892.0,1.0,-2.7755575615628914e-15,0.00048298117603538804,Irvine,0.2,7,1895
1.0,0.06861540685070097,0.0,0.06,0.5772195892575038,1.0,1.0,3.0,0.0,0.0005268703898840885,0.0,1892.0,1.0,-2.7755575615628914e-15,0.0011324497996645227,Irvine,0.2,7,1804
1.0,0.06861540685070097,0.0,0.06,0.5772195892575038,0.14,0.14,4.0,1.0,0.0005268703898840885,0.0,1891.0,1.0,-2.7755575615628914e-15,-0.0006638640497299009,Irvine,0.2,7,1257
1.0,0.06861540685070097,0.0,0.06,0.5772195892575038,0.56,0.56,3.0,1.0,0.0005268703898840885,0.0,1892.0,1.0,-2.7755575615628914e-15,0.001364756983873061,Irvine,0.2,7,795
1.0,0.06861540685070097,0.0,0.06,0.5772195892575038,1.0,1.0,2.0,0.0,0.0005268703898840885,0.0,1892.0,1.0,-2.7755575615628914e-15,0.001275499396733576,Irvine,0.2,7,36
1.0,0.06861540685070097,0.0,0.0,0.638609794628752,0.0,0.0,4.0,1.0,0.0005268703898840885,0.0,1838.0,1.0,-3.1086244689504383e-15,0.0012409489099470539,Irvine,0.2,8,1801
2.0,0.13723081370140194,0.0,0.0,0.638609794628752,0.0,0.11,3.0,2.0,0.001053740779768177,0.0,1890.0,1.0,-3.1086244689504383e-15,0.0017321055592852547,Irvine,0.2,8,1800
1.0,0.06861540685070097,0.0,0.02,0.618609794628752,0.3,0.3,4.0,1.0,0.0005268703898840885,0.0,1890.0,1.0,-3.1086244689504383e-15,-0.00013792442517762682,Irvine,0.2,8,1872
1.0,0.06861540685070097,0.0,0.02,0.618609794628752,0.58,0.58,4.0,1.0,0.0005268703898840885,0.0,1890.0,1.0,-3.1086244689504383e-15,-0.00024323125638310572,Irvine,0.2,8,1594
1.0,0.06861540685070097,0.0,0.02,0.618609794628752,0.28,0.28,4.0,1.0,0.0005268703898840885,0.0,1890.0,1.0,-3.1086244689504383e-15,0.0006801888192033562,Irvine,0.2,8,425
1.0,0.06861540685070097,0.0,0.04,0.598609794628752,0.26,0.26,4.0,1.0,0.0005268703898840885,0.0,1891.0,1.0,-3.1086244689504383e-15,0.00015963902178497968,Irvine,0.2,8,1725
1.0,0.06861540685070097,0.0,0.04,0.598609794628752,0.14,0.14,4.0,1.0,0.0005268703898840885,0.0,1891.0,1.0,-3.1086244689504383e-15,0.001267937089474494,Irvine,0.2,8,1257
1.0,0.06861540685070097,0.0,0.04,0.598609794628752,1.0,1.0,2.0,0.0,0.0005268703898840885,0.0,1892.0,1.0,-3.1086244689504383e-15,-0.00023982911656893202,Irvine,0.2,8,755
1.0,0.06861540685070097,0.0,0.06,0.5786097946287521,0.26,0.26,4.0,1.0,0.0005268703898840885,0.0,1887.0,1.0,-3.1086244689504383e-15,0.0015237613211243617,Irvine,0.2,8,1896
1.0,0.06861540685070097,0.0,0.06,0.5786097946287521,0.44,0.44,3.0,1.0,0.0005268703898840885,0.0,1890.0,1.0,-3.1086244689504383e-15,0.0016977307698600175,Irvine,0.2,8,1868
1.0,0.06861540685070097,0.0,0.02,0.6193259610321221,0.24,0.24,4.0,1.0,0.0005268703898840885,0.0,1887.0,1.0,-4.440892098500626e-15,0.001752068728282194,Irvine,0.2,9,1896
1.0,0.06861540685070097,0.0,0.02,0.6193259610321221,0.26,0.26,4.0,1.0,0.0005268703898840885,0.0,1890.0,1.0,-4.440892098500626e-15,0.0013053814804000058,Irvine,0.2,9,1872
1.0,0.06861540685070097,0.0,0.02,0.6193259610321221,0.3,0.3,3.0,1.0,0.0005268703898840885,0.0,1890.0,1.0,-4.440892098500626e-15,-8.685040018691081e-07,Irvine,0.2,9,1868
1.0,0.06861540685070097,0.0,0.02,0.6193259610321221,0.14,0.14,5.0,1.0,0.0005268703898840885,0.0,1888.0,1.0,-4.440892098500626e-15,0.00037785181691202263,Irvine,0.2,9,1611
1.0,0.06861540685070097,0.0,0.02,0.6193259610321221,0.14,0.14,4.0,1.0,0.0005268703898840885,0.0,1891.0,1.0,-4.440892098500626e-15,0.0009797171039550995,Irvine,0.2,9,1257
1.0,0.06861540685070097,0.0,0.02,0.6193259610321221,1.0,1.0,3.0,0.0,0.0005268703898840885,0.0,1892.0,1.0,-4.440892098500626e-15,0.0007705314262848872,Irvine,0.2,9,1026
1.0,0.06861540685070097,0.0,0.02,0.6193259610321221,0.1,0.1,4.0,1.0,0.0005268703898840885,0.0,1890.0,1.0,-4.440892098500626e-15,0.0006897372609014352,Irvine,0.2,9,425
1.0,0.06861540685070097,0.0,0.04,0.5993259610321221,1.0,1.0,3.0,0.0,0.0005268703898840885,0.0,1892.0,1.0,-4.440892098500626e-15,0.0007759487615914967,Irvine,0.2,9,1890
1.0,0.06861540685070097,0.0,0.04,0.5993259610321221,0.92,0.92,3.0,0.0,0.0005268703898840885,0.0,1891.0,1.0,-4.440892098500626e-15,0.0015167502865203464,Irvine,0.2,9,1862
2.0,0.13723081370140194,0.0,0.04,0.5993259610321221,0.18,0.22,4.0,2.0,0.001053740779768177,0.0,1891.0,1.0,-4.440892098500626e-15,0.0010696783679001731,Irvine,0.2,9,1571
